Timestamp,Timestamp (Local),PM 1.0,PM 2.5,Applied PM 2.5 Custom Calibration Setting - Multiplication Factor,Applied PM 2.5 Custom Calibration Setting - Offset,PM 4.0,PM 10,Applied PM 10 Custom Calibration Setting - Multiplication Factor,Applied PM 10 Custom Calibration Setting - Offset,NC 0.5,NC 1.0,NC 2.5,NC 4.0,NC 10,PM Sensor Error Status,CO2,Applied CO2 Custom Calibration Setting - Multiplication Factor,Applied CO2 Custom Calibration Setting - Offset,CO2 Sensor Error Status,CH2O,Applied CH2O Custom Calibration Setting - Multiplication Factor,Applied CH2O Custom Calibration Setting - Offset,CH2O Sensor Error Status,Barometric Pressure,Applied Barometric Pressure Custom Calibration Setting - Offset,Barometric Sensor Error Status,CO,Applied CO Custom Calibration Setting - Multiplication Factor,Applied CO Custom Calibration Setting - Offset,CO Sensor Error Status,SO2,Applied SO2 Custom Calibration Setting - Multiplication Factor,Applied SO2 Custom Calibration Setting - Offset,SO2 Sensor Error Status,O3,Applied O3 Custom Calibration Setting - Multiplication Factor,Applied O3 Custom Calibration Setting - Offset,O3 Sensor Error Status,NO2,Applied NO2 Custom Calibration Setting - Multiplication Factor,Applied NO2 Custom Calibration Setting - Offset,NO2 Sensor Error Status,VOC tVOC measurement,Applied TVOC Custom Calibration Setting - Multiplication Factor,Applied TVOC Custom Calibration Setting - Offset,VOC Ethanol,VOC Sensor Error Status,Temperature,Applied Temperature Custom Calibration Setting - Offset,Relative Humidity,Applied Relative Humidity Custom Calibration Setting - Offset,Temperature/Humidity Sensor Error Status,Device Status
UTC,UTC-04:00,ug/m3,ug/m3,,,ug/m3,ug/m3,,,#/cm3,#/cm3,#/cm3,#/cm3,#/cm3,,ppm,,,,ppb,,,,inHg,,,ppm,,,,ppb,,,,ppb,,,,ppb,,,,mg/m3,,,ppb,,Fahrenheit,Celsius,%,,,
07/06/2024 00:00:48,07/05/2024 20:00:48,15,16,,,16,16,,,135,152,153,153,153,0,434,,,0,,,,,23.54,,0,,,,,,,,,,,,,,,,,0.779,,,414,0,71.6,,60,,0,0
07/06/2024 00:15:48,07/05/2024 20:15:48,14,15,,,15,15,,,132,149,149,149,149,0,429,,,0,,,,,23.54,,0,,,,,,,,,,,,,,,,,0.775,,,412,0,71.4,,60,,0,0
07/06/2024 00:30:48,07/05/2024 20:30:48,14,15,,,15,15,,,128,144,144,144,144,0,433,,,0,,,,,23.54,,0,,,,,,,,,,,,,,,,,0.768,,,409,0,71.4,,60,,0,0
07/06/2024 00:45:48,07/05/2024 20:45:48,14,14,,,14,14,,,124,140,140,140,140,0,442,,,0,,,,,23.53,,0,,,,,,,,,,,,,,,,,0.764,,,406,0,71.4,,60,,0,0
07/06/2024 01:00:48,07/05/2024 21:00:48,13,14,,,14,14,,,119,134,135,135,135,0,444,,,0,,,,,23.53,,0,,,,,,,,,,,,,,,,,0.758,,,403,0,71.4,,61,,0,0
07/06/2024 01:15:48,07/05/2024 21:15:48,13,14,,,14,14,,,120,135,135,135,135,0,448,,,0,,,,,23.54,,0,,,,,,,,,,,,,,,,,0.753,,,400,0,71.2,,61,,0,0
07/06/2024 01:30:48,07/05/2024 21:30:48,13,13,,,13,13,,,117,132,132,132,132,0,441,,,0,,,,,23.54,,0,,,,,,,,,,,,,,,,,0.746,,,397,0,71.1,,61,,0,0
07/06/2024 01:45:48,07/05/2024 21:45:48,12,13,,,13,13,,,115,129,129,130,130,0,447,,,0,,,,,23.54,,0,,,,,,,,,,,,,,,,,0.740,,,394,0,71.1,,61,,0,0
07/06/2024 02:00:48,07/05/2024 22:00:48,12,13,,,13,13,,,113,127,128,128,128,0,448,,,0,,,,,23.55,,0,,,,,,,,,,,,,,,,,0.732,,,389,0,71.1,,61,,0,0
07/06/2024 02:15:48,07/05/2024 22:15:48,12,13,,,13,13,,,113,127,128,128,128,0,444,,,0,,,,,23.55,,0,,,,,,,,,,,,,,,,,0.726,,,386,0,71.1,,61,,0,0
07/06/2024 02:30:48,07/05/2024 22:30:48,12,13,,,13,13,,,110,124,125,125,125,0,442,,,0,,,,,23.55,,0,,,,,,,,,,,,,,,,,0.735,,,391,0,71.1,,61,,0,0
07/06/2024 02:45:48,07/05/2024 22:45:48,12,13,,,13,13,,,111,125,126,126,126,0,443,,,0,,,,,23.56,,0,,,,,,,,,,,,,,,,,0.735,,,391,0,71.1,,61,,0,0
07/06/2024 03:00:48,07/05/2024 23:00:48,12,13,,,13,13,,,114,128,128,128,129,0,448,,,0,,,,,23.56,,0,,,,,,,,,,,,,,,,,0.757,,,403,0,71.1,,61,,0,0
07/06/2024 03:15:48,07/05/2024 23:15:48,14,15,,,15,15,,,127,143,143,143,143,0,451,,,0,,,,,23.56,,0,,,,,,,,,,,,,,,,,0.772,,,411,0,71.1,,61,,0,0
07/06/2024 03:30:48,07/05/2024 23:30:48,15,16,,,16,16,,,139,156,157,157,157,0,451,,,0,,,,,23.56,,0,,,,,,,,,,,,,,,,,0.776,,,413,0,70.9,,61,,0,0
07/06/2024 03:45:48,07/05/2024 23:45:48,16,17,,,17,17,,,146,164,164,165,165,0,456,,,0,,,,,23.57,,0,,,,,,,,,,,,,,,,,0.778,,,414,0,70.9,,62,,0,0
07/06/2024 04:00:48,07/06/2024 00:00:48,17,18,,,18,18,,,155,175,175,175,175,0,445,,,0,,,,,23.57,,0,,,,,,,,,,,,,,,,,0.779,,,414,0,70.9,,62,,0,0
07/06/2024 04:15:48,07/06/2024 00:15:48,18,19,,,19,19,,,161,182,182,182,182,0,445,,,0,,,,,23.58,,0,,,,,,,,,,,,,,,,,0.783,,,417,0,70.9,,62,,0,0
07/06/2024 04:30:48,07/06/2024 00:30:48,18,19,,,19,19,,,168,189,190,190,190,0,443,,,0,,,,,23.58,,0,,,,,,,,,,,,,,,,,0.795,,,423,0,70.9,,62,,0,0
07/06/2024 04:45:48,07/06/2024 00:45:48,19,21,,,21,21,,,179,202,202,202,202,0,440,,,0,,,,,23.59,,0,,,,,,,,,,,,,,,,,0.801,,,426,0,70.7,,62,,0,0
07/06/2024 05:00:48,07/06/2024 01:00:48,20,21,,,21,21,,,184,207,207,207,207,0,427,,,0,,,,,23.59,,0,,,,,,,,,,,,,,,,,0.802,,,426,0,70.7,,62,,0,0
07/06/2024 05:15:48,07/06/2024 01:15:48,20,21,,,21,21,,,183,206,206,206,206,0,429,,,0,,,,,23.59,,0,,,,,,,,,,,,,,,,,0.796,,,424,0,70.7,,62,,0,0
07/06/2024 05:30:48,07/06/2024 01:30:48,20,21,,,21,21,,,180,202,203,203,203,0,437,,,0,,,,,23.59,,0,,,,,,,,,,,,,,,,,0.779,,,414,0,70.7,,63,,0,0
07/06/2024 05:45:48,07/06/2024 01:45:48,19,20,,,20,20,,,175,197,197,197,198,0,432,,,0,,,,,23.60,,0,,,,,,,,,,,,,,,,,0.779,,,414,0,70.9,,63,,0,0
07/06/2024 06:00:48,07/06/2024 02:00:48,18,19,,,19,19,,,168,190,190,190,190,0,430,,,0,,,,,23.60,,0,,,,,,,,,,,,,,,,,0.790,,,420,0,70.9,,63,,0,0
07/06/2024 06:15:48,07/06/2024 02:15:48,18,19,,,19,19,,,161,181,182,182,182,0,423,,,0,,,,,23.60,,0,,,,,,,,,,,,,,,,,0.798,,,424,0,70.9,,63,,0,0
07/06/2024 06:30:48,07/06/2024 02:30:48,17,18,,,18,18,,,156,175,176,176,176,0,420,,,0,,,,,23.61,,0,,,,,,,,,,,,,,,,,0.805,,,428,0,70.9,,63,,0,0
07/06/2024 06:45:48,07/06/2024 02:45:48,17,18,,,18,18,,,154,173,174,174,174,0,418,,,0,,,,,23.61,,0,,,,,,,,,,,,,,,,,0.810,,,431,0,70.9,,63,,0,0
07/06/2024 07:00:48,07/06/2024 03:00:48,17,17,,,17,17,,,152,171,171,171,171,0,417,,,0,,,,,23.61,,0,,,,,,,,,,,,,,,,,0.809,,,430,0,70.9,,63,,0,0
07/06/2024 07:15:48,07/06/2024 03:15:48,17,18,,,18,18,,,154,174,174,174,174,0,412,,,0,,,,,23.61,,0,,,,,,,,,,,,,,,,,0.806,,,429,0,70.9,,63,,0,0
07/06/2024 07:30:48,07/06/2024 03:30:48,17,18,,,18,18,,,160,180,180,180,180,0,414,,,0,,,,,23.61,,0,,,,,,,,,,,,,,,,,0.804,,,428,0,71.1,,63,,0,0
07/06/2024 07:45:48,07/06/2024 03:45:48,18,19,,,19,19,,,163,184,185,185,185,0,416,,,0,,,,,23.61,,0,,,,,,,,,,,,,,,,,0.810,,,431,0,71.2,,63,,0,0
07/06/2024 08:00:48,07/06/2024 04:00:48,19,20,,,20,20,,,174,196,196,196,196,0,422,,,0,,,,,23.61,,0,,,,,,,,,,,,,,,,,0.820,,,436,0,71.4,,62,,0,0
07/06/2024 08:15:48,07/06/2024 04:15:48,20,21,,,21,21,,,180,202,203,203,203,0,412,,,0,,,,,23.61,,0,,,,,,,,,,,,,,,,,0.837,,,445,0,71.8,,62,,0,0
07/06/2024 08:30:48,07/06/2024 04:30:48,19,21,,,21,21,,,178,200,200,200,201,0,409,,,0,,,,,23.60,,0,,,,,,,,,,,,,,,,,0.871,,,463,0,72.1,,61,,0,0
07/06/2024 08:45:48,07/06/2024 04:45:48,19,20,,,20,20,,,176,199,199,199,199,0,406,,,0,,,,,23.60,,0,,,,,,,,,,,,,,,,,0.819,,,436,0,72.5,,61,,0,0
07/06/2024 09:00:48,07/06/2024 05:00:48,19,20,,,20,20,,,175,198,198,198,198,0,396,,,0,,,,,23.60,,0,,,,,,,,,,,,,,,,,0.781,,,416,0,72.9,,60,,0,0
07/06/2024 09:15:48,07/06/2024 05:15:48,18,19,,,19,19,,,166,187,188,188,188,0,401,,,0,,,,,23.59,,0,,,,,,,,,,,,,,,,,0.732,,,389,0,73.2,,60,,0,0
07/06/2024 09:30:48,07/06/2024 05:30:48,18,19,,,19,19,,,162,182,182,182,182,0,397,,,0,,,,,23.58,,0,,,,,,,,,,,,,,,,,0.711,,,378,0,73.6,,59,,0,0
07/06/2024 09:45:48,07/06/2024 05:45:48,17,18,,,18,18,,,157,177,177,177,177,0,393,,,0,,,,,23.58,,0,,,,,,,,,,,,,,,,,0.706,,,376,0,73.8,,59,,0,0
07/06/2024 10:00:48,07/06/2024 06:00:48,17,18,,,18,18,,,153,172,172,173,173,0,390,,,0,,,,,23.57,,0,,,,,,,,,,,,,,,,,0.711,,,378,0,73.8,,58,,0,0
07/06/2024 10:15:48,07/06/2024 06:15:48,16,17,,,17,17,,,148,167,167,167,167,0,390,,,0,,,,,23.56,,0,,,,,,,,,,,,,,,,,0.705,,,375,0,74.3,,58,,0,0
07/06/2024 10:30:48,07/06/2024 06:30:48,16,16,,,16,16,,,140,158,159,159,159,0,384,,,0,,,,,23.56,,0,,,,,,,,,,,,,,,,,0.667,,,355,0,74.7,,57,,0,0
07/06/2024 10:45:48,07/06/2024 06:45:48,15,16,,,16,16,,,137,155,155,155,155,0,394,,,0,,,,,23.55,,0,,,,,,,,,,,,,,,,,0.654,,,348,0,74.8,,57,,0,0
07/06/2024 11:00:48,07/06/2024 07:00:48,15,15,,,15,15,,,131,147,148,148,148,0,385,,,0,,,,,23.54,,0,,,,,,,,,,,,,,,,,0.614,,,327,0,75.2,,56,,0,0
07/06/2024 11:15:48,07/06/2024 07:15:48,14,15,,,15,15,,,126,142,142,142,142,0,381,,,0,,,,,23.53,,0,,,,,,,,,,,,,,,,,0.609,,,324,0,75.4,,56,,0,0
07/06/2024 11:30:48,07/06/2024 07:30:48,14,15,,,15,15,,,124,140,140,140,140,0,385,,,0,,,,,23.53,,0,,,,,,,,,,,,,,,,,0.592,,,315,0,75.4,,56,,0,0
07/06/2024 11:45:48,07/06/2024 07:45:48,13,14,,,14,14,,,121,137,137,137,137,0,384,,,0,,,,,23.53,,0,,,,,,,,,,,,,,,,,0.604,,,321,0,75.2,,56,,0,0
07/06/2024 12:00:48,07/06/2024 08:00:48,13,14,,,14,14,,,121,137,137,137,137,0,394,,,0,,,,,23.53,,0,,,,,,,,,,,,,,,,,0.592,,,315,0,75.4,,56,,0,0
07/06/2024 12:15:48,07/06/2024 08:15:48,13,14,,,14,14,,,121,136,137,137,137,0,384,,,0,,,,,23.52,,0,,,,,,,,,,,,,,,,,0.581,,,309,0,75.4,,56,,0,0
07/06/2024 12:30:48,07/06/2024 08:30:48,14,14,,,14,14,,,123,139,139,139,139,0,387,,,0,,,,,23.52,,0,,,,,,,,,,,,,,,,,0.607,,,323,0,75.2,,56,,0,0
07/06/2024 12:45:48,07/06/2024 08:45:48,15,16,,,16,16,,,133,150,150,150,150,0,385,,,0,,,,,23.52,,0,,,,,,,,,,,,,,,,,0.663,,,353,0,75.0,,57,,0,0
07/06/2024 13:00:48,07/06/2024 09:00:48,16,17,,,17,17,,,145,163,164,164,164,0,385,,,0,,,,,23.53,,0,,,,,,,,,,,,,,,,,0.628,,,334,0,74.7,,57,,0,0
07/06/2024 13:15:48,07/06/2024 09:15:48,16,17,,,17,17,,,142,160,161,161,161,0,386,,,0,,,,,23.53,,0,,,,,,,,,,,,,,,,,0.539,,,287,0,74.3,,58,,0,0
07/06/2024 13:30:48,07/06/2024 09:30:48,14,15,,,15,15,,,125,141,141,141,141,0,382,,,0,,,,,23.53,,0,,,,,,,,,,,,,,,,,0.459,,,244,0,73.9,,58,,0,0
07/06/2024 13:45:48,07/06/2024 09:45:48,12,13,,,13,13,,,112,126,127,127,127,0,386,,,0,,,,,23.54,,0,,,,,,,,,,,,,,,,,0.457,,,243,0,73.8,,58,,0,0
07/06/2024 14:00:48,07/06/2024 10:00:48,12,12,,,12,12,,,106,120,120,120,120,0,381,,,0,,,,,23.55,,0,,,,,,,,,,,,,,,,,0.440,,,234,0,73.6,,58,,0,0
07/06/2024 14:15:48,07/06/2024 10:15:48,12,12,,,12,12,,,106,119,120,120,120,0,380,,,0,,,,,23.54,,0,,,,,,,,,,,,,,,,,0.467,,,248,0,73.6,,59,,0,0
07/06/2024 14:30:48,07/06/2024 10:30:48,12,12,,,12,12,,,107,121,121,121,121,0,386,,,0,,,,,23.55,,0,,,,,,,,,,,,,,,,,0.451,,,240,0,73.6,,58,,0,0
07/06/2024 14:45:48,07/06/2024 10:45:48,11,11,,,11,11,,,98,110,110,110,110,0,390,,,0,,,,,23.54,,0,,,,,,,,,,,,,,,,,0.413,,,220,0,73.6,,58,,0,0
07/06/2024 15:00:48,07/06/2024 11:00:48,10,11,,,11,11,,,92,103,104,104,104,0,391,,,0,,,,,23.54,,0,,,,,,,,,,,,,,,,,0.351,,,187,0,73.4,,57,,0,0
07/06/2024 15:15:48,07/06/2024 11:15:48,10,10,,,10,10,,,89,100,100,100,100,0,396,,,0,,,,,23.54,,0,,,,,,,,,,,,,,,,,0.400,,,213,0,73.4,,58,,0,0
07/06/2024 15:30:48,07/06/2024 11:30:48,9,10,,,10,10,,,83,94,94,94,94,0,396,,,0,,,,,23.55,,0,,,,,,,,,,,,,,,,,0.447,,,238,0,73.2,,58,,0,0
07/06/2024 15:45:48,07/06/2024 11:45:48,9,9,,,9,9,,,79,89,90,90,90,0,394,,,0,,,,,23.56,,0,,,,,,,,,,,,,,,,,0.452,,,240,0,73.0,,58,,0,0
07/06/2024 16:00:48,07/06/2024 12:00:48,9,9,,,9,9,,,78,88,89,89,89,0,401,,,0,,,,,23.56,,0,,,,,,,,,,,,,,,,,0.457,,,243,0,72.9,,58,,0,0
07/06/2024 16:15:48,07/06/2024 12:15:48,9,10,,,10,10,,,83,93,94,94,94,0,394,,,0,,,,,23.56,,0,,,,,,,,,,,,,,,,,0.486,,,258,0,72.9,,58,,0,0
07/06/2024 16:30:48,07/06/2024 12:30:48,9,10,,,10,10,,,84,95,95,95,95,0,396,,,0,,,,,23.56,,0,,,,,,,,,,,,,,,,,0.545,,,290,0,72.9,,58,,0,0
07/06/2024 16:45:48,07/06/2024 12:45:48,10,10,,,10,10,,,89,100,100,100,100,0,395,,,0,,,,,23.56,,0,,,,,,,,,,,,,,,,,0.584,,,311,0,72.7,,58,,0,0
07/06/2024 17:00:48,07/06/2024 13:00:48,10,10,,,10,10,,,90,102,102,102,102,0,403,,,0,,,,,23.56,,0,,,,,,,,,,,,,,,,,0.603,,,321,0,72.7,,59,,0,0
07/06/2024 17:15:48,07/06/2024 13:15:48,10,10,,,10,10,,,88,99,100,100,100,0,403,,,0,,,,,23.57,,0,,,,,,,,,,,,,,,,,0.603,,,321,0,72.5,,59,,0,0
07/06/2024 17:30:48,07/06/2024 13:30:48,10,10,,,10,10,,,89,101,101,101,101,0,406,,,0,,,,,23.58,,0,,,,,,,,,,,,,,,,,0.621,,,330,0,72.5,,59,,0,0
07/06/2024 17:45:48,07/06/2024 13:45:48,10,10,,,10,10,,,89,100,100,101,101,0,407,,,0,,,,,23.58,,0,,,,,,,,,,,,,,,,,0.633,,,337,0,72.3,,59,,0,0
07/06/2024 18:00:48,07/06/2024 14:00:48,10,11,,,11,11,,,91,103,103,103,103,0,409,,,0,,,,,23.59,,0,,,,,,,,,,,,,,,,,0.640,,,340,0,72.3,,59,,0,0
07/06/2024 18:15:48,07/06/2024 14:15:48,10,11,,,11,11,,,95,108,108,108,108,0,415,,,0,,,,,23.59,,0,,,,,,,,,,,,,,,,,0.637,,,339,0,72.3,,59,,0,0
07/06/2024 18:30:48,07/06/2024 14:30:48,10,11,,,11,11,,,94,106,107,107,107,0,408,,,0,,,,,23.59,,0,,,,,,,,,,,,,,,,,0.621,,,330,0,72.1,,59,,0,0
07/06/2024 18:45:48,07/06/2024 14:45:48,10,11,,,11,11,,,92,104,104,104,104,0,404,,,0,,,,,23.59,,0,,,,,,,,,,,,,,,,,0.597,,,317,0,72.1,,59,,0,0
07/06/2024 19:00:48,07/06/2024 15:00:48,10,10,,,10,10,,,90,101,101,101,101,0,407,,,0,,,,,23.59,,0,,,,,,,,,,,,,,,,,0.582,,,310,0,72.0,,60,,0,0
07/06/2024 19:15:48,07/06/2024 15:15:48,10,10,,,10,10,,,88,99,99,99,99,0,409,,,0,,,,,23.59,,0,,,,,,,,,,,,,,,,,0.568,,,302,0,72.0,,60,,0,0
07/06/2024 19:30:48,07/06/2024 15:30:48,9,10,,,10,10,,,84,94,95,95,95,0,408,,,0,,,,,23.59,,0,,,,,,,,,,,,,,,,,0.541,,,288,0,71.8,,60,,0,0
07/06/2024 19:45:48,07/06/2024 15:45:48,9,9,,,9,9,,,82,92,92,92,92,0,413,,,0,,,,,23.59,,0,,,,,,,,,,,,,,,,,0.531,,,282,0,71.8,,60,,0,0
07/06/2024 20:00:48,07/06/2024 16:00:48,9,9,,,9,9,,,82,92,92,92,92,0,410,,,0,,,,,23.59,,0,,,,,,,,,,,,,,,,,0.535,,,285,0,71.6,,60,,0,0
07/06/2024 20:15:48,07/06/2024 16:15:48,9,9,,,9,9,,,81,91,91,91,91,0,409,,,0,,,,,23.59,,0,,,,,,,,,,,,,,,,,0.528,,,281,0,71.6,,60,,0,0
07/06/2024 20:30:48,07/06/2024 16:30:48,9,9,,,9,9,,,81,91,91,91,92,0,413,,,0,,,,,23.59,,0,,,,,,,,,,,,,,,,,0.526,,,280,0,71.6,,60,,0,0
07/06/2024 20:45:48,07/06/2024 16:45:48,9,9,,,9,9,,,79,89,90,90,90,0,416,,,0,,,,,23.59,,0,,,,,,,,,,,,,,,,,0.525,,,279,0,71.4,,60,,0,0
07/06/2024 21:00:48,07/06/2024 17:00:48,9,9,,,9,9,,,81,91,92,92,92,0,425,,,0,,,,,23.58,,0,,,,,,,,,,,,,,,,,0.535,,,285,0,71.4,,60,,0,0
07/06/2024 21:15:48,07/06/2024 17:15:48,9,9,,,9,9,,,79,89,90,90,90,0,423,,,0,,,,,23.58,,0,,,,,,,,,,,,,,,,,0.529,,,281,0,71.4,,60,,0,0
07/06/2024 21:30:48,07/06/2024 17:30:48,9,9,,,9,9,,,81,91,91,91,91,0,421,,,0,,,,,23.58,,0,,,,,,,,,,,,,,,,,0.525,,,279,0,71.4,,60,,0,0
07/06/2024 21:45:48,07/06/2024 17:45:48,9,9,,,9,9,,,80,91,91,91,91,0,421,,,0,,,,,23.58,,0,,,,,,,,,,,,,,,,,0.528,,,281,0,71.4,,60,,0,0
07/06/2024 22:00:48,07/06/2024 18:00:48,9,9,,,9,9,,,82,92,93,93,93,0,419,,,0,,,,,23.57,,0,,,,,,,,,,,,,,,,,0.536,,,285,0,71.2,,60,,0,0
07/06/2024 22:15:48,07/06/2024 18:15:48,9,10,,,10,10,,,84,94,94,94,94,0,422,,,0,,,,,23.57,,0,,,,,,,,,,,,,,,,,0.547,,,291,0,71.2,,60,,0,0
07/06/2024 22:30:48,07/06/2024 18:30:48,9,10,,,10,10,,,83,93,94,94,94,0,428,,,0,,,,,23.57,,0,,,,,,,,,,,,,,,,,0.552,,,294,0,71.2,,60,,0,0
07/06/2024 22:45:48,07/06/2024 18:45:48,9,9,,,9,9,,,82,93,93,93,93,0,430,,,0,,,,,23.56,,0,,,,,,,,,,,,,,,,,0.560,,,298,0,71.1,,61,,0,0
07/06/2024 23:00:48,07/06/2024 19:00:48,9,10,,,10,10,,,85,96,96,96,96,0,431,,,0,,,,,23.56,,0,,,,,,,,,,,,,,,,,0.555,,,295,0,71.1,,61,,0,0
07/06/2024 23:15:48,07/06/2024 19:15:48,9,10,,,10,10,,,84,95,95,95,95,0,428,,,0,,,,,23.56,,0,,,,,,,,,,,,,,,,,0.556,,,296,0,71.1,,61,,0,0
07/06/2024 23:30:48,07/06/2024 19:30:48,9,10,,,10,10,,,85,96,96,96,96,0,433,,,0,,,,,23.56,,0,,,,,,,,,,,,,,,,,0.550,,,292,0,71.1,,61,,0,0
07/06/2024 23:45:48,07/06/2024 19:45:48,9,10,,,10,10,,,86,97,97,97,97,0,436,,,0,,,,,23.55,,0,,,,,,,,,,,,,,,,,0.539,,,287,0,70.9,,61,,0,0
07/07/2024 00:00:48,07/06/2024 20:00:48,9,10,,,10,10,,,85,96,96,96,96,0,438,,,0,,,,,23.55,,0,,,,,,,,,,,,,,,,,0.532,,,283,0,70.9,,61,,0,0
07/07/2024 00:15:48,07/06/2024 20:15:48,9,10,,,10,10,,,85,96,96,96,97,0,441,,,0,,,,,23.55,,0,,,,,,,,,,,,,,,,,0.525,,,279,0,70.9,,61,,0,0
07/07/2024 00:30:48,07/06/2024 20:30:48,9,10,,,10,10,,,87,98,98,98,98,0,448,,,0,,,,,23.55,,0,,,,,,,,,,,,,,,,,0.521,,,277,0,70.7,,61,,0,0
07/07/2024 00:45:48,07/06/2024 20:45:48,9,10,,,10,10,,,85,95,96,96,96,0,447,,,0,,,,,23.55,,0,,,,,,,,,,,,,,,,,0.519,,,276,0,70.7,,61,,0,0
07/07/2024 01:00:48,07/06/2024 21:00:48,10,10,,,10,10,,,89,100,101,101,101,0,450,,,0,,,,,23.55,,0,,,,,,,,,,,,,,,,,0.521,,,277,0,70.5,,61,,0,0
07/07/2024 01:15:48,07/06/2024 21:15:48,10,10,,,10,10,,,91,103,103,103,103,0,457,,,0,,,,,23.55,,0,,,,,,,,,,,,,,,,,0.513,,,273,0,70.5,,61,,0,0
07/07/2024 01:30:48,07/06/2024 21:30:48,10,11,,,11,11,,,92,103,104,104,104,0,458,,,0,,,,,23.55,,0,,,,,,,,,,,,,,,,,0.507,,,270,0,70.3,,61,,0,0
07/07/2024 01:45:48,07/06/2024 21:45:48,10,11,,,11,11,,,94,106,106,106,106,0,463,,,0,,,,,23.56,,0,,,,,,,,,,,,,,,,,0.506,,,269,0,70.3,,61,,0,0
07/07/2024 02:00:48,07/06/2024 22:00:48,10,11,,,11,11,,,97,109,109,109,109,0,462,,,0,,,,,23.56,,0,,,,,,,,,,,,,,,,,0.500,,,266,0,70.2,,61,,0,0
07/07/2024 02:15:48,07/06/2024 22:15:48,11,11,,,11,11,,,99,111,112,112,112,0,468,,,0,,,,,23.56,,0,,,,,,,,,,,,,,,,,0.481,,,256,0,70.2,,61,,0,0
07/07/2024 02:30:48,07/06/2024 22:30:48,11,12,,,12,12,,,102,115,115,115,115,0,476,,,0,,,,,23.57,,0,,,,,,,,,,,,,,,,,0.460,,,245,0,70.2,,61,,0,0
07/07/2024 02:45:48,07/06/2024 22:45:48,11,12,,,12,12,,,105,119,119,119,119,0,474,,,0,,,,,23.57,,0,,,,,,,,,,,,,,,,,0.433,,,230,0,70.0,,61,,0,0
07/07/2024 03:00:48,07/06/2024 23:00:48,12,12,,,12,12,,,107,120,120,120,120,0,481,,,0,,,,,23.57,,0,,,,,,,,,,,,,,,,,0.413,,,220,0,70.0,,61,,0,0
07/07/2024 03:15:48,07/06/2024 23:15:48,12,13,,,13,13,,,110,124,124,124,124,0,476,,,0,,,,,23.57,,0,,,,,,,,,,,,,,,,,0.419,,,223,0,70.0,,61,,0,0
07/07/2024 03:45:27,07/06/2024 23:45:27,13,13,,,13,13,,,116,131,131,131,131,0,481,,,0,,,,,23.58,,0,,,,,,,,,,,,,,,,,0.000,,,0,0,69.8,,61,,0,1
07/07/2024 04:00:27,07/07/2024 00:00:27,13,13,,,13,13,,,117,132,132,132,132,0,479,,,0,,,,,23.58,,0,,,,,,,,,,,,,,,,,0.000,,,0,0,69.8,,60,,0,0
07/07/2024 04:15:27,07/07/2024 00:15:27,13,14,,,14,14,,,121,136,137,137,137,0,486,,,0,,,,,23.58,,0,,,,,,,,,,,,,,,,,0.000,,,0,0,69.8,,60,,0,0
07/07/2024 04:30:27,07/07/2024 00:30:27,14,14,,,14,14,,,125,141,142,142,142,0,489,,,0,,,,,23.59,,0,,,,,,,,,,,,,,,,,0.000,,,0,0,69.8,,60,,0,0
07/07/2024 04:45:27,07/07/2024 00:45:27,14,15,,,15,15,,,130,146,146,146,147,0,487,,,0,,,,,23.59,,0,,,,,,,,,,,,,,,,,0.000,,,0,0,69.8,,60,,0,0
07/07/2024 05:00:27,07/07/2024 01:00:27,14,15,,,15,15,,,133,150,150,150,150,0,484,,,0,,,,,23.60,,0,,,,,,,,,,,,,,,,,0.000,,,0,0,70.0,,60,,0,0
07/07/2024 05:15:27,07/07/2024 01:15:27,14,15,,,15,15,,,134,151,151,151,151,0,483,,,0,,,,,23.60,,0,,,,,,,,,,,,,,,,,0.000,,,0,0,70.2,,60,,0,4
07/07/2024 05:37:30,07/07/2024 01:37:30,14,15,,,15,15,,,133,150,150,150,150,0,473,,,0,,,,,23.60,,0,,,,,,,,,,,,,,,,,0.000,,,0,0,70.2,,60,,0,1
07/07/2024 05:52:30,07/07/2024 01:52:30,14,15,,,15,15,,,132,148,149,149,149,0,462,,,0,,,,,23.60,,0,,,,,,,,,,,,,,,,,0.000,,,0,0,70.3,,60,,0,0
07/07/2024 06:07:30,07/07/2024 02:07:30,14,15,,,15,15,,,130,146,146,146,146,0,456,,,0,,,,,23.60,,0,,,,,,,,,,,,,,,,,0.000,,,0,0,70.5,,60,,0,0
07/07/2024 06:22:30,07/07/2024 02:22:30,14,15,,,15,15,,,128,144,145,145,145,0,445,,,0,,,,,23.61,,0,,,,,,,,,,,,,,,,,0.000,,,0,0,70.7,,59,,0,0
07/07/2024 06:37:30,07/07/2024 02:37:30,14,14,,,14,14,,,125,141,141,141,141,0,436,,,0,,,,,23.61,,0,,,,,,,,,,,,,,,,,0.000,,,0,0,70.9,,59,,0,0
07/07/2024 06:52:30,07/07/2024 02:52:30,13,14,,,14,14,,,121,136,136,137,137,0,424,,,0,,,,,23.61,,0,,,,,,,,,,,,,,,,,0.000,,,0,0,71.2,,59,,0,0
07/07/2024 07:07:30,07/07/2024 03:07:30,13,14,,,14,14,,,119,134,134,134,134,0,423,,,0,,,,,23.61,,0,,,,,,,,,,,,,,,,,0.020,,,10,0,71.4,,58,,0,0
07/07/2024 07:22:30,07/07/2024 03:22:30,13,13,,,13,13,,,116,131,131,131,131,0,414,,,0,,,,,23.61,,0,,,,,,,,,,,,,,,,,0.052,,,28,0,71.8,,58,,0,0
07/07/2024 07:37:30,07/07/2024 03:37:30,13,13,,,13,13,,,115,130,130,130,130,0,408,,,0,,,,,23.60,,0,,,,,,,,,,,,,,,,,0.008,,,4,0,72.0,,57,,0,0
07/07/2024 07:52:30,07/07/2024 03:52:30,13,14,,,14,14,,,117,132,132,132,132,0,407,,,0,,,,,23.60,,0,,,,,,,,,,,,,,,,,0.000,,,0,0,72.1,,57,,0,0
07/07/2024 08:07:30,07/07/2024 04:07:30,13,13,,,13,13,,,116,131,131,131,131,0,407,,,0,,,,,23.59,,0,,,,,,,,,,,,,,,,,0.000,,,0,0,72.3,,57,,0,0
07/07/2024 08:22:30,07/07/2024 04:22:30,13,14,,,14,14,,,117,132,132,132,132,0,398,,,0,,,,,23.59,,0,,,,,,,,,,,,,,,,,0.000,,,0,0,72.5,,56,,0,0
07/07/2024 08:37:30,07/07/2024 04:37:30,13,14,,,14,14,,,122,138,138,138,138,0,394,,,0,,,,,23.58,,0,,,,,,,,,,,,,,,,,0.000,,,0,0,72.7,,56,,0,0
07/07/2024 08:52:30,07/07/2024 04:52:30,13,14,,,14,14,,,121,137,137,137,137,0,401,,,0,,,,,23.58,,0,,,,,,,,,,,,,,,,,0.000,,,0,0,72.9,,55,,0,0
07/07/2024 09:07:30,07/07/2024 05:07:30,13,14,,,14,14,,,121,137,137,137,137,0,404,,,0,,,,,23.58,,0,,,,,,,,,,,,,,,,,0.000,,,0,0,73.4,,55,,0,0
07/07/2024 09:22:30,07/07/2024 05:22:30,13,14,,,14,14,,,121,136,137,137,137,0,394,,,0,,,,,23.58,,0,,,,,,,,,,,,,,,,,0.003,,,1,0,73.8,,54,,0,0
07/07/2024 09:37:30,07/07/2024 05:37:30,13,14,,,14,14,,,121,137,137,137,137,0,399,,,0,,,,,23.57,,0,,,,,,,,,,,,,,,,,0.001,,,0,0,73.9,,54,,0,0
07/07/2024 09:52:30,07/07/2024 05:52:30,13,14,,,14,14,,,120,135,135,135,135,0,398,,,0,,,,,23.57,,0,,,,,,,,,,,,,,,,,0.014,,,7,0,74.1,,54,,0,0
07/07/2024 10:07:30,07/07/2024 06:07:30,13,14,,,14,14,,,120,135,135,135,135,0,392,,,0,,,,,23.56,,0,,,,,,,,,,,,,,,,,0.016,,,8,0,74.1,,54,,0,0
07/07/2024 10:22:30,07/07/2024 06:22:30,14,15,,,15,15,,,125,141,141,142,142,0,389,,,0,,,,,23.56,,0,,,,,,,,,,,,,,,,,0.003,,,1,0,74.3,,54,,0,0
07/07/2024 10:37:30,07/07/2024 06:37:30,14,15,,,15,15,,,124,140,140,140,140,0,381,,,0,,,,,23.55,,0,,,,,,,,,,,,,,,,,0.000,,,0,0,74.1,,54,,0,0
07/07/2024 10:52:30,07/07/2024 06:52:30,14,14,,,14,14,,,124,140,140,140,140,0,376,,,0,,,,,23.54,,0,,,,,,,,,,,,,,,,,0.000,,,0,0,74.3,,54,,0,0
07/07/2024 11:07:30,07/07/2024 07:07:30,14,15,,,15,15,,,126,142,142,142,142,0,375,,,0,,,,,23.54,,0,,,,,,,,,,,,,,,,,0.004,,,1,0,74.5,,53,,0,0
07/07/2024 11:22:30,07/07/2024 07:22:30,14,15,,,15,15,,,128,145,145,145,145,0,374,,,0,,,,,23.54,,0,,,,,,,,,,,,,,,,,0.018,,,9,0,74.5,,54,,0,0
07/07/2024 11:37:30,07/07/2024 07:37:30,14,15,,,15,15,,,128,144,144,144,144,0,378,,,0,,,,,23.53,,0,,,,,,,,,,,,,,,,,0.032,,,17,0,74.5,,54,,0,0
07/07/2024 11:52:30,07/07/2024 07:52:30,14,15,,,15,15,,,125,141,141,141,142,0,383,,,0,,,,,23.52,,0,,,,,,,,,,,,,,,,,0.055,,,29,0,74.3,,55,,0,0
07/07/2024 12:07:30,07/07/2024 08:07:30,14,15,,,15,15,,,124,140,140,140,140,0,387,,,0,,,,,23.52,,0,,,,,,,,,,,,,,,,,0.060,,,32,0,74.3,,55,,0,0
07/07/2024 12:22:30,07/07/2024 08:22:30,13,14,,,14,14,,,120,136,136,136,136,0,383,,,0,,,,,23.52,,0,,,,,,,,,,,,,,,,,0.061,,,32,0,74.3,,55,,0,0
07/07/2024 12:37:30,07/07/2024 08:37:30,13,13,,,13,13,,,115,129,129,129,129,0,384,,,0,,,,,23.53,,0,,,,,,,,,,,,,,,,,0.053,,,28,0,74.1,,55,,0,0
07/07/2024 12:52:30,07/07/2024 08:52:30,12,13,,,13,13,,,110,124,124,124,124,0,379,,,0,,,,,23.52,,0,,,,,,,,,,,,,,,,,0.027,,,14,0,73.9,,55,,0,0
07/07/2024 13:07:30,07/07/2024 09:07:30,11,12,,,12,12,,,99,111,112,112,112,0,385,,,0,,,,,23.52,,0,,,,,,,,,,,,,,,,,0.011,,,5,0,73.6,,55,,0,0
07/07/2024 13:22:30,07/07/2024 09:22:30,10,11,,,11,11,,,94,106,106,106,106,0,385,,,0,,,,,23.53,,0,,,,,,,,,,,,,,,,,0.020,,,11,0,73.2,,56,,0,0
07/07/2024 13:43:29,07/07/2024 09:43:29,10,10,,,10,10,,,87,99,99,99,99,0,389,,,0,,,,,23.54,,0,,,,,,,,,,,,,,,,,0.000,,,0,0,73.0,,57,,0,1
07/07/2024 13:58:29,07/07/2024 09:58:29,9,10,,,10,10,,,84,94,94,94,94,0,389,,,0,,,,,23.55,,0,,,,,,,,,,,,,,,,,0.000,,,0,0,73.0,,57,,0,0
07/07/2024 14:13:29,07/07/2024 10:13:29,9,9,,,9,9,,,80,90,90,90,90,0,375,,,0,,,,,23.55,,0,,,,,,,,,,,,,,,,,0.008,,,2,0,72.7,,57,,0,0
07/07/2024 14:28:29,07/07/2024 10:28:29,8,9,,,9,9,,,77,87,87,87,87,0,380,,,0,,,,,23.54,,0,,,,,,,,,,,,,,,,,0.018,,,9,0,72.5,,58,,0,0
07/07/2024 14:43:29,07/07/2024 10:43:29,8,9,,,9,9,,,75,85,85,85,85,0,375,,,0,,,,,23.55,,0,,,,,,,,,,,,,,,,,0.024,,,13,0,72.5,,58,,0,0
07/07/2024 14:58:29,07/07/2024 10:58:29,8,9,,,9,9,,,76,85,85,86,86,0,378,,,0,,,,,23.55,,0,,,,,,,,,,,,,,,,,0.033,,,18,0,72.3,,58,,0,0
07/07/2024 15:13:29,07/07/2024 11:13:29,8,9,,,9,9,,,73,83,83,83,83,0,380,,,0,,,,,23.56,,0,,,,,,,,,,,,,,,,,0.038,,,20,0,72.3,,59,,0,0
07/07/2024 15:28:29,07/07/2024 11:28:29,8,8,,,8,8,,,73,82,82,82,82,0,379,,,0,,,,,23.56,,0,,,,,,,,,,,,,,,,,0.041,,,22,0,72.1,,59,,0,0
07/07/2024 15:43:29,07/07/2024 11:43:29,8,9,,,9,9,,,74,83,83,83,83,0,380,,,0,,,,,23.57,,0,,,,,,,,,,,,,,,,,0.044,,,23,0,72.0,,59,,0,0
07/07/2024 15:58:29,07/07/2024 11:58:29,8,9,,,9,9,,,76,86,86,86,86,0,391,,,0,,,,,23.57,,0,,,,,,,,,,,,,,,,,0.049,,,26,0,72.0,,59,,0,0
07/07/2024 16:13:29,07/07/2024 12:13:29,8,9,,,9,9,,,76,86,86,86,86,0,390,,,0,,,,,23.58,,0,,,,,,,,,,,,,,,,,0.054,,,29,0,71.8,,59,,0,0
07/07/2024 16:28:29,07/07/2024 12:28:29,8,9,,,9,9,,,76,86,86,86,86,0,396,,,0,,,,,23.58,,0,,,,,,,,,,,,,,,,,0.061,,,33,0,71.8,,59,,0,0
07/07/2024 16:43:29,07/07/2024 12:43:29,8,9,,,9,9,,,75,85,85,85,85,0,396,,,0,,,,,23.59,,0,,,,,,,,,,,,,,,,,0.069,,,36,0,71.6,,59,,0,0
07/07/2024 16:58:29,07/07/2024 12:58:29,8,9,,,9,9,,,75,85,85,85,85,0,394,,,0,,,,,23.59,,0,,,,,,,,,,,,,,,,,0.074,,,39,0,71.6,,59,,0,0
07/07/2024 17:13:29,07/07/2024 13:13:29,8,9,,,9,9,,,77,87,87,87,87,0,396,,,0,,,,,23.59,,0,,,,,,,,,,,,,,,,,0.076,,,40,0,71.6,,60,,0,0
07/07/2024 17:28:29,07/07/2024 13:28:29,8,9,,,9,9,,,78,87,88,88,88,0,398,,,0,,,,,23.58,,0,,,,,,,,,,,,,,,,,0.082,,,43,0,71.4,,60,,0,0
07/07/2024 17:43:29,07/07/2024 13:43:29,9,9,,,9,9,,,79,89,89,89,89,0,396,,,0,,,,,23.58,,0,,,,,,,,,,,,,,,,,0.086,,,46,0,71.4,,60,,0,0
07/07/2024 17:58:29,07/07/2024 13:58:29,9,9,,,9,9,,,80,90,90,90,90,0,393,,,0,,,,,23.58,,0,,,,,,,,,,,,,,,,,0.089,,,47,0,71.2,,60,,0,0
07/07/2024 18:13:29,07/07/2024 14:13:29,9,9,,,9,9,,,81,91,91,91,91,0,395,,,0,,,,,23.58,,0,,,,,,,,,,,,,,,,,0.083,,,44,0,71.2,,60,,0,0
07/07/2024 18:28:29,07/07/2024 14:28:29,9,9,,,9,9,,,79,89,89,89,90,0,399,,,0,,,,,23.58,,0,,,,,,,,,,,,,,,,,0.078,,,41,0,71.2,,60,,0,0
07/07/2024 18:43:29,07/07/2024 14:43:29,9,9,,,9,9,,,78,88,88,88,88,0,393,,,0,,,,,23.59,,0,,,,,,,,,,,,,,,,,0.079,,,42,0,71.1,,60,,0,0
07/07/2024 18:58:29,07/07/2024 14:58:29,8,9,,,9,9,,,75,85,85,85,85,0,394,,,0,,,,,23.59,,0,,,,,,,,,,,,,,,,,0.076,,,41,0,71.1,,60,,0,0
07/07/2024 19:13:29,07/07/2024 15:13:29,8,9,,,9,9,,,75,85,85,85,85,0,393,,,0,,,,,23.59,,0,,,,,,,,,,,,,,,,,0.072,,,38,0,70.9,,60,,0,0
07/07/2024 19:28:29,07/07/2024 15:28:29,8,8,,,8,8,,,72,81,81,81,81,0,395,,,0,,,,,23.59,,0,,,,,,,,,,,,,,,,,0.072,,,38,0,70.9,,60,,0,0
07/07/2024 19:43:29,07/07/2024 15:43:29,8,8,,,8,8,,,73,82,82,82,83,0,394,,,0,,,,,23.59,,0,,,,,,,,,,,,,,,,,0.071,,,38,0,70.9,,60,,0,0
07/07/2024 19:58:29,07/07/2024 15:58:29,8,8,,,8,8,,,72,81,81,81,81,0,393,,,0,,,,,23.59,,0,,,,,,,,,,,,,,,,,0.075,,,40,0,70.9,,60,,0,0
07/07/2024 20:13:29,07/07/2024 16:13:29,8,8,,,8,8,,,72,81,82,82,82,0,397,,,0,,,,,23.59,,0,,,,,,,,,,,,,,,,,0.080,,,42,0,70.7,,60,,0,0
07/07/2024 20:28:29,07/07/2024 16:28:29,8,8,,,8,8,,,73,82,82,82,82,0,402,,,0,,,,,23.59,,0,,,,,,,,,,,,,,,,,0.083,,,44,0,70.7,,60,,0,0
07/07/2024 20:43:29,07/07/2024 16:43:29,8,8,,,8,8,,,72,81,81,81,81,0,404,,,0,,,,,23.59,,0,,,,,,,,,,,,,,,,,0.086,,,45,0,70.7,,60,,0,0
07/07/2024 20:58:29,07/07/2024 16:58:29,8,8,,,8,8,,,73,82,82,82,82,0,404,,,0,,,,,23.59,,0,,,,,,,,,,,,,,,,,0.086,,,46,0,70.7,,61,,0,0
07/07/2024 21:13:29,07/07/2024 17:13:29,8,8,,,8,8,,,73,82,82,82,82,0,408,,,0,,,,,23.59,,0,,,,,,,,,,,,,,,,,0.086,,,46,0,70.5,,61,,0,0
07/07/2024 21:28:29,07/07/2024 17:28:29,8,9,,,9,9,,,75,84,85,85,85,0,403,,,0,,,,,23.58,,0,,,,,,,,,,,,,,,,,0.093,,,49,0,70.5,,61,,0,0
07/07/2024 21:43:29,07/07/2024 17:43:29,8,9,,,9,9,,,77,86,87,87,87,0,404,,,0,,,,,23.58,,0,,,,,,,,,,,,,,,,,0.093,,,49,0,70.5,,61,,0,0
07/07/2024 21:58:29,07/07/2024 17:58:29,8,9,,,9,9,,,77,86,86,86,86,0,416,,,0,,,,,23.57,,0,,,,,,,,,,,,,,,,,0.093,,,50,0,70.5,,61,,0,0
07/07/2024 22:13:29,07/07/2024 18:13:29,8,9,,,9,9,,,78,87,88,88,88,0,430,,,0,,,,,23.57,,0,,,,,,,,,,,,,,,,,0.099,,,52,0,70.3,,61,,0,0
07/07/2024 22:28:29,07/07/2024 18:28:29,8,9,,,9,9,,,77,87,87,87,87,0,427,,,0,,,,,23.57,,0,,,,,,,,,,,,,,,,,0.100,,,53,0,70.3,,61,,0,0
07/07/2024 22:43:29,07/07/2024 18:43:29,9,9,,,9,9,,,79,89,89,89,89,0,430,,,0,,,,,23.57,,0,,,,,,,,,,,,,,,,,0.101,,,54,0,70.3,,61,,0,0
07/07/2024 22:58:29,07/07/2024 18:58:29,8,9,,,9,9,,,78,88,88,88,88,0,425,,,0,,,,,23.56,,0,,,,,,,,,,,,,,,,,0.104,,,55,0,70.2,,61,,0,0
07/07/2024 23:13:29,07/07/2024 19:13:29,9,9,,,9,9,,,79,89,89,89,89,0,425,,,0,,,,,23.56,,0,,,,,,,,,,,,,,,,,0.103,,,55,0,70.2,,61,,0,0
07/07/2024 23:28:29,07/07/2024 19:28:29,8,9,,,9,9,,,77,87,87,87,87,0,423,,,0,,,,,23.56,,0,,,,,,,,,,,,,,,,,0.103,,,55,0,70.2,,61,,0,0
07/07/2024 23:43:29,07/07/2024 19:43:29,8,9,,,9,9,,,78,88,88,88,88,0,430,,,0,,,,,23.56,,0,,,,,,,,,,,,,,,,,0.101,,,54,0,70.2,,61,,0,0
07/07/2024 23:58:29,07/07/2024 19:58:29,8,9,,,9,9,,,78,88,88,88,88,0,434,,,0,,,,,23.55,,0,,,,,,,,,,,,,,,,,0.100,,,53,0,70.0,,61,,0,0
07/08/2024 00:13:29,07/07/2024 20:13:29,8,9,,,9,9,,,75,85,85,85,85,0,435,,,0,,,,,23.55,,0,,,,,,,,,,,,,,,,,0.101,,,54,0,70.0,,61,,0,0
07/08/2024 00:28:29,07/07/2024 20:28:29,8,9,,,9,9,,,76,85,86,86,86,0,443,,,0,,,,,23.56,,0,,,,,,,,,,,,,,,,,0.100,,,53,0,70.0,,61,,0,0
07/08/2024 00:43:29,07/07/2024 20:43:29,8,9,,,9,9,,,74,84,84,84,84,0,450,,,0,,,,,23.56,,0,,,,,,,,,,,,,,,,,0.097,,,52,0,70.0,,61,,0,0
07/08/2024 00:58:29,07/07/2024 20:58:29,8,8,,,8,8,,,73,82,82,83,83,0,453,,,0,,,,,23.56,,0,,,,,,,,,,,,,,,,,0.097,,,51,0,69.8,,61,,0,0
07/08/2024 01:13:29,07/07/2024 21:13:29,8,8,,,8,8,,,72,81,81,81,81,0,458,,,0,,,,,23.56,,0,,,,,,,,,,,,,,,,,0.094,,,50,0,69.8,,61,,0,0
07/08/2024 01:28:29,07/07/2024 21:28:29,8,8,,,8,8,,,71,80,80,80,80,0,464,,,0,,,,,23.56,,0,,,,,,,,,,,,,,,,,0.094,,,50,0,69.8,,61,,0,0
07/08/2024 01:43:29,07/07/2024 21:43:29,8,8,,,8,8,,,71,80,80,80,80,0,465,,,0,,,,,23.56,,0,,,,,,,,,,,,,,,,,0.094,,,50,0,69.6,,61,,0,0
07/08/2024 01:58:29,07/07/2024 21:58:29,8,8,,,8,8,,,70,79,79,79,79,0,469,,,0,,,,,23.56,,0,,,,,,,,,,,,,,,,,0.094,,,50,0,69.6,,61,,0,0
07/08/2024 02:13:29,07/07/2024 22:13:29,7,8,,,8,8,,,68,77,77,77,77,0,469,,,0,,,,,23.57,,0,,,,,,,,,,,,,,,,,0.093,,,49,0,69.6,,61,,0,0
07/08/2024 02:28:29,07/07/2024 22:28:29,7,8,,,8,8,,,66,75,75,75,75,0,478,,,0,,,,,23.57,,0,,,,,,,,,,,,,,,,,0.089,,,47,0,69.6,,61,,0,0
07/08/2024 02:43:29,07/07/2024 22:43:29,7,8,,,8,8,,,69,78,78,78,78,0,483,,,0,,,,,23.56,,0,,,,,,,,,,,,,,,,,0.087,,,46,0,69.4,,61,,0,0
07/08/2024 02:58:29,07/07/2024 22:58:29,8,8,,,8,8,,,70,79,79,79,79,0,475,,,0,,,,,23.56,,0,,,,,,,,,,,,,,,,,0.086,,,46,0,69.4,,61,,0,0
07/08/2024 03:13:29,07/07/2024 23:13:29,8,8,,,8,8,,,70,78,79,79,79,0,482,,,0,,,,,23.56,,0,,,,,,,,,,,,,,,,,0.086,,,46,0,69.4,,61,,0,0
07/08/2024 03:28:29,07/07/2024 23:28:29,8,8,,,8,8,,,74,83,83,83,83,0,479,,,0,,,,,23.57,,0,,,,,,,,,,,,,,,,,0.087,,,46,0,69.4,,61,,0,0
07/08/2024 03:43:29,07/07/2024 23:43:29,9,9,,,9,9,,,83,93,93,93,93,0,487,,,0,,,,,23.57,,0,,,,,,,,,,,,,,,,,0.098,,,52,0,69.3,,61,,0,0
07/08/2024 03:58:29,07/07/2024 23:58:29,10,10,,,10,10,,,89,101,101,101,101,0,488,,,0,,,,,23.57,,0,,,,,,,,,,,,,,,,,0.108,,,58,0,69.3,,61,,0,0
07/08/2024 04:15:34,07/08/2024 00:15:34,10,11,,,11,11,,,93,104,105,105,105,0,483,,,0,,,,,23.58,,0,,,,,,,,,,,,,,,,,0.000,,,0,0,69.3,,61,,0,5
07/08/2024 04:30:34,07/08/2024 00:30:34,10,11,,,11,11,,,96,108,108,108,108,0,492,,,0,,,,,23.59,,0,,,,,,,,,,,,,,,,,0.007,,,3,0,69.4,,61,,0,4
07/08/2024 04:45:34,07/08/2024 00:45:34,11,12,,,12,12,,,104,117,117,117,117,0,497,,,0,,,,,23.59,,0,,,,,,,,,,,,,,,,,0.032,,,17,0,69.4,,61,,0,4
07/08/2024 05:00:34,07/08/2024 01:00:34,15,16,,,16,16,,,137,155,155,155,155,0,537,,,0,,,,,23.59,,0,,,,,,,,,,,,,,,,,0.792,,,421,0,69.6,,63,,0,0
07/08/2024 05:15:34,07/08/2024 01:15:34,21,22,,,22,22,,,192,216,216,217,217,0,610,,,0,,,,,23.59,,0,,,,,,,,,,,,,,,,,1.069,,,569,0,69.4,,65,,0,0
07/08/2024 05:30:34,07/08/2024 01:30:34,19,20,,,20,20,,,179,201,202,202,202,0,596,,,0,,,,,23.60,,0,,,,,,,,,,,,,,,,,1.078,,,574,0,69.3,,66,,0,0
07/08/2024 05:45:34,07/08/2024 01:45:34,19,20,,,20,20,,,174,196,196,197,197,0,603,,,0,,,,,23.60,,0,,,,,,,,,,,,,,,,,1.092,,,581,0,69.4,,66,,0,0
07/08/2024 06:00:34,07/08/2024 02:00:34,19,20,,,20,20,,,172,194,194,194,194,0,614,,,0,,,,,23.61,,0,,,,,,,,,,,,,,,,,1.017,,,541,0,69.6,,66,,0,0
07/08/2024 06:15:34,07/08/2024 02:15:34,19,20,,,20,20,,,175,197,197,198,198,0,615,,,0,,,,,23.61,,0,,,,,,,,,,,,,,,,,1.110,,,590,0,69.8,,66,,0,0
07/08/2024 06:30:34,07/08/2024 02:30:34,19,20,,,20,20,,,172,194,194,195,195,0,580,,,0,,,,,23.61,,0,,,,,,,,,,,,,,,,,0.995,,,529,0,70.0,,66,,0,0
07/08/2024 06:45:34,07/08/2024 02:45:34,18,19,,,19,19,,,167,188,188,188,188,0,571,,,0,,,,,23.60,,0,,,,,,,,,,,,,,,,,0.955,,,508,0,70.2,,66,,0,0
07/08/2024 07:00:34,07/08/2024 03:00:34,18,19,,,19,19,,,162,182,183,183,183,0,566,,,0,,,,,23.60,,0,,,,,,,,,,,,,,,,,1.010,,,537,0,70.3,,65,,0,0
07/08/2024 07:15:34,07/08/2024 03:15:34,18,19,,,19,19,,,165,186,187,187,187,0,543,,,0,,,,,23.60,,0,,,,,,,,,,,,,,,,,0.659,,,350,0,70.5,,64,,0,0
07/08/2024 07:30:34,07/08/2024 03:30:34,17,18,,,18,18,,,160,181,181,181,181,0,518,,,0,,,,,23.60,,0,,,,,,,,,,,,,,,,,0.878,,,467,0,70.7,,63,,0,0
07/08/2024 07:45:34,07/08/2024 03:45:34,17,17,,,17,17,,,152,171,171,171,171,0,516,,,0,,,,,23.60,,0,,,,,,,,,,,,,,,,,1.029,,,547,0,70.9,,63,,0,0
07/08/2024 08:00:34,07/08/2024 04:00:34,16,17,,,17,17,,,146,164,164,164,165,0,545,,,0,,,,,23.60,,0,,,,,,,,,,,,,,,,,0.508,,,270,0,71.1,,63,,0,0
07/08/2024 08:15:34,07/08/2024 04:15:34,15,16,,,16,16,,,139,157,157,157,157,0,607,,,0,,,,,23.60,,0,,,,,,,,,,,,,,,,,0.123,,,65,0,71.4,,62,,0,0
07/08/2024 08:30:34,07/08/2024 04:30:34,15,16,,,16,16,,,138,155,156,156,156,0,654,,,0,,,,,23.59,,0,,,,,,,,,,,,,,,,,0.079,,,42,0,71.8,,62,,0,0
07/08/2024 08:45:34,07/08/2024 04:45:34,15,16,,,16,16,,,137,155,155,155,155,0,701,,,0,,,,,23.59,,0,,,,,,,,,,,,,,,,,0.121,,,64,0,72.1,,61,,0,0
07/08/2024 09:00:34,07/08/2024 05:00:34,16,17,,,17,17,,,143,161,161,161,161,0,729,,,0,,,,,23.59,,0,,,,,,,,,,,,,,,,,0.151,,,80,0,72.3,,61,,0,0
07/08/2024 09:15:34,07/08/2024 05:15:34,16,17,,,17,17,,,150,169,169,169,169,0,745,,,0,,,,,23.59,,0,,,,,,,,,,,,,,,,,0.116,,,62,0,72.7,,61,,0,0
07/08/2024 09:30:34,07/08/2024 05:30:34,16,17,,,17,17,,,150,169,169,169,169,0,844,,,0,,,,,23.58,,0,,,,,,,,,,,,,,,,,0.207,,,110,0,73.0,,61,,0,0
07/08/2024 09:45:34,07/08/2024 05:45:34,16,16,,,16,16,,,141,159,160,160,160,0,902,,,0,,,,,23.57,,0,,,,,,,,,,,,,,,,,0.303,,,161,0,73.4,,60,,0,0
07/08/2024 10:00:34,07/08/2024 06:00:34,14,15,,,15,15,,,128,144,144,144,144,0,848,,,0,,,,,23.57,,0,,,,,,,,,,,,,,,,,0.219,,,116,0,73.8,,58,,0,0
07/08/2024 10:15:34,07/08/2024 06:15:34,13,14,,,14,14,,,118,132,133,133,133,0,751,,,0,,,,,23.56,,0,,,,,,,,,,,,,,,,,0.117,,,62,0,73.9,,57,,0,0
07/08/2024 10:30:34,07/08/2024 06:30:34,12,13,,,13,13,,,109,123,123,123,123,0,654,,,0,,,,,23.56,,0,,,,,,,,,,,,,,,,,0.063,,,34,0,74.1,,57,,0,0
07/08/2024 10:45:34,07/08/2024 06:45:34,11,12,,,12,12,,,103,116,117,117,117,0,595,,,0,,,,,23.55,,0,,,,,,,,,,,,,,,,,0.027,,,14,0,74.3,,56,,0,0
07/08/2024 11:00:34,07/08/2024 07:00:34,11,12,,,12,12,,,99,111,111,111,111,0,544,,,0,,,,,23.54,,0,,,,,,,,,,,,,,,,,0.012,,,6,0,74.5,,54,,0,0
07/08/2024 11:15:34,07/08/2024 07:15:34,11,11,,,11,11,,,97,109,109,109,109,0,516,,,0,,,,,23.54,,0,,,,,,,,,,,,,,,,,0.013,,,7,0,74.7,,54,,0,0
07/08/2024 11:30:34,07/08/2024 07:30:34,11,11,,,11,11,,,95,107,108,108,108,0,516,,,0,,,,,23.54,,0,,,,,,,,,,,,,,,,,0.024,,,13,0,74.7,,54,,0,0
07/08/2024 11:45:34,07/08/2024 07:45:34,10,11,,,11,11,,,93,105,105,105,105,0,506,,,0,,,,,23.53,,0,,,,,,,,,,,,,,,,,0.021,,,11,0,74.8,,53,,0,0
07/08/2024 12:00:34,07/08/2024 08:00:34,10,11,,,11,11,,,92,103,104,104,104,0,627,,,0,,,,,23.52,,0,,,,,,,,,,,,,,,,,0.134,,,72,0,75.0,,54,,0,0
07/08/2024 12:15:34,07/08/2024 08:15:34,11,11,,,11,11,,,97,109,109,109,109,0,739,,,0,,,,,23.52,,0,,,,,,,,,,,,,,,,,0.251,,,133,0,75.0,,55,,0,0
07/08/2024 12:30:34,07/08/2024 08:30:34,11,11,,,11,11,,,95,107,108,108,108,0,742,,,0,,,,,23.52,,0,,,,,,,,,,,,,,,,,0.237,,,126,0,75.0,,55,,0,0
07/08/2024 12:45:34,07/08/2024 08:45:34,9,10,,,10,10,,,85,95,96,96,96,0,584,,,0,,,,,23.53,,0,,,,,,,,,,,,,,,,,0.107,,,57,0,74.8,,55,,0,0
07/08/2024 13:00:34,07/08/2024 09:00:34,9,9,,,9,9,,,79,88,89,89,89,0,627,,,0,,,,,23.53,,0,,,,,,,,,,,,,,,,,0.249,,,132,0,74.3,,56,,0,0
07/08/2024 13:15:34,07/08/2024 09:15:34,8,9,,,9,9,,,75,84,85,85,85,0,795,,,0,,,,,23.54,,0,,,,,,,,,,,,,,,,,0.685,,,364,0,74.1,,59,,0,0
07/08/2024 13:30:34,07/08/2024 09:30:34,8,9,,,9,9,,,77,86,86,86,86,0,868,,,0,,,,,23.53,,0,,,,,,,,,,,,,,,,,0.825,,,439,0,73.9,,60,,0,0
07/08/2024 13:45:34,07/08/2024 09:45:34,9,9,,,9,9,,,77,87,87,88,88,0,897,,,0,,,,,23.54,,0,,,,,,,,,,,,,,,,,0.879,,,467,0,73.8,,60,,0,0
07/08/2024 14:00:34,07/08/2024 10:00:34,9,9,,,9,9,,,79,89,89,89,89,0,923,,,0,,,,,23.54,,0,,,,,,,,,,,,,,,,,0.890,,,473,0,73.6,,60,,0,0
07/08/2024 14:15:34,07/08/2024 10:15:34,9,10,,,10,10,,,82,92,92,92,92,0,913,,,0,,,,,23.55,,0,,,,,,,,,,,,,,,,,0.909,,,483,0,73.6,,60,,0,0
07/08/2024 14:30:34,07/08/2024 10:30:34,10,10,,,10,10,,,88,100,100,100,100,0,969,,,0,,,,,23.55,,0,,,,,,,,,,,,,,,,,1.045,,,556,0,73.4,,61,,0,0
07/08/2024 14:45:34,07/08/2024 10:45:34,10,11,,,11,11,,,91,102,102,102,102,0,977,,,0,,,,,23.54,,0,,,,,,,,,,,,,,,,,1.021,,,543,0,73.4,,61,,0,0
07/08/2024 15:00:34,07/08/2024 11:00:34,10,11,,,11,11,,,94,106,107,107,107,0,975,,,0,,,,,23.54,,0,,,,,,,,,,,,,,,,,1.101,,,586,0,73.2,,62,,0,0
07/08/2024 15:15:34,07/08/2024 11:15:34,11,12,,,12,12,,,103,116,117,117,117,0,877,,,0,,,,,23.54,,0,,,,,,,,,,,,,,,,,1.080,,,574,0,73.0,,62,,0,0
07/08/2024 15:30:34,07/08/2024 11:30:34,12,13,,,13,13,,,110,124,124,124,124,0,786,,,0,,,,,23.54,,0,,,,,,,,,,,,,,,,,1.003,,,534,0,72.9,,62,,0,0
07/08/2024 15:49:14,07/08/2024 11:49:14,12,13,,,13,13,,,114,128,128,128,128,0,684,,,0,,,,,23.55,,0,,,,,,,,,,,,,,,,,0.007,,,2,0,72.3,,63,,0,5
07/08/2024 16:04:14,07/08/2024 12:04:14,12,13,,,13,13,,,110,123,124,124,124,0,613,,,0,,,,,23.55,,0,,,,,,,,,,,,,,,,,0.010,,,3,0,72.1,,63,,0,4
07/08/2024 16:19:14,07/08/2024 12:19:14,11,12,,,12,12,,,104,118,118,118,118,0,574,,,0,,,,,23.55,,0,,,,,,,,,,,,,,,,,0.007,,,2,0,72.0,,63,,0,4
07/08/2024 16:34:14,07/08/2024 12:34:14,11,11,,,11,11,,,98,110,110,110,110,0,548,,,0,,,,,23.56,,0,,,,,,,,,,,,,,,,,0.009,,,3,0,72.0,,63,,0,4
07/08/2024 16:49:14,07/08/2024 12:49:14,10,11,,,11,11,,,94,106,106,106,106,0,514,,,0,,,,,23.56,,0,,,,,,,,,,,,,,,,,0.002,,,0,0,72.0,,62,,0,4
07/08/2024 17:04:14,07/08/2024 13:04:14,10,10,,,10,10,,,88,100,100,100,100,0,503,,,0,,,,,23.57,,0,,,,,,,,,,,,,,,,,0.001,,,0,0,72.0,,62,,0,4
07/08/2024 17:19:14,07/08/2024 13:19:14,9,10,,,10,10,,,87,97,98,98,98,0,495,,,0,,,,,23.57,,0,,,,,,,,,,,,,,,,,0.005,,,2,0,71.8,,62,,0,4
07/08/2024 17:34:14,07/08/2024 13:34:14,9,10,,,10,10,,,86,96,97,97,97,0,487,,,0,,,,,23.58,,0,,,,,,,,,,,,,,,,,0.006,,,2,0,71.6,,62,,0,4
07/08/2024 17:49:14,07/08/2024 13:49:14,9,10,,,10,10,,,84,94,95,95,95,0,476,,,0,,,,,23.58,,0,,,,,,,,,,,,,,,,,0.001,,,0,0,71.4,,62,,0,4
07/08/2024 18:04:14,07/08/2024 14:04:14,9,9,,,9,9,,,81,92,92,92,92,0,469,,,0,,,,,23.58,,0,,,,,,,,,,,,,,,,,0.005,,,2,0,71.4,,62,,0,4
07/08/2024 18:19:14,07/08/2024 14:19:14,9,9,,,9,9,,,82,92,92,92,92,0,459,,,0,,,,,23.58,,0,,,,,,,,,,,,,,,,,0.002,,,1,0,71.4,,62,,0,4
07/08/2024 18:34:14,07/08/2024 14:34:14,9,9,,,9,9,,,78,88,88,88,88,0,449,,,0,,,,,23.58,,0,,,,,,,,,,,,,,,,,0.007,,,3,0,71.2,,62,,0,4
07/08/2024 18:49:14,07/08/2024 14:49:14,8,9,,,9,9,,,78,88,88,88,88,0,451,,,0,,,,,23.58,,0,,,,,,,,,,,,,,,,,0.012,,,6,0,71.2,,62,,0,4
07/08/2024 19:04:14,07/08/2024 15:04:14,8,9,,,9,9,,,77,86,87,87,87,0,446,,,0,,,,,23.58,,0,,,,,,,,,,,,,,,,,0.001,,,0,0,71.1,,62,,0,4
07/08/2024 19:19:14,07/08/2024 15:19:14,8,9,,,9,9,,,76,86,86,86,86,0,441,,,0,,,,,23.58,,0,,,,,,,,,,,,,,,,,0.013,,,6,0,70.9,,62,,0,4
07/08/2024 19:34:14,07/08/2024 15:34:14,8,9,,,9,9,,,76,86,86,86,86,0,444,,,0,,,,,23.58,,0,,,,,,,,,,,,,,,,,0.010,,,5,0,70.7,,62,,0,4
07/08/2024 19:49:14,07/08/2024 15:49:14,8,9,,,9,9,,,76,86,86,86,86,0,443,,,0,,,,,23.58,,0,,,,,,,,,,,,,,,,,0.007,,,3,0,70.7,,62,,0,4
07/08/2024 20:04:14,07/08/2024 16:04:14,8,9,,,9,9,,,75,85,85,85,85,0,445,,,0,,,,,23.57,,0,,,,,,,,,,,,,,,,,0.023,,,12,0,70.7,,62,,0,4
07/08/2024 20:19:14,07/08/2024 16:19:14,8,9,,,9,9,,,76,86,86,86,86,0,439,,,0,,,,,23.58,,0,,,,,,,,,,,,,,,,,0.012,,,6,0,70.5,,62,,0,4
07/08/2024 20:34:14,07/08/2024 16:34:14,8,9,,,9,9,,,76,86,86,86,86,0,437,,,0,,,,,23.58,,0,,,,,,,,,,,,,,,,,0.006,,,2,0,70.5,,62,,0,4
07/08/2024 20:49:14,07/08/2024 16:49:14,8,9,,,9,9,,,75,84,84,84,84,0,435,,,0,,,,,23.57,,0,,,,,,,,,,,,,,,,,0.008,,,4,0,70.3,,62,,0,4
07/08/2024 21:04:14,07/08/2024 17:04:14,8,9,,,9,9,,,74,84,84,84,84,0,443,,,0,,,,,23.57,,0,,,,,,,,,,,,,,,,,0.008,,,3,0,70.3,,62,,0,4
07/08/2024 21:19:14,07/08/2024 17:19:14,8,8,,,8,8,,,74,83,83,83,83,0,438,,,0,,,,,23.57,,0,,,,,,,,,,,,,,,,,0.014,,,7,0,70.2,,61,,0,4
07/08/2024 21:34:14,07/08/2024 17:34:14,8,8,,,8,8,,,73,82,82,82,82,0,442,,,0,,,,,23.57,,0,,,,,,,,,,,,,,,,,0.007,,,3,0,70.2,,61,,0,4
07/08/2024 21:49:14,07/08/2024 17:49:14,8,8,,,8,8,,,72,81,81,82,82,0,438,,,0,,,,,23.56,,0,,,,,,,,,,,,,,,,,0.006,,,3,0,70.0,,61,,0,4
07/08/2024 22:04:14,07/08/2024 18:04:14,8,8,,,8,8,,,72,81,81,81,81,0,442,,,0,,,,,23.56,,0,,,,,,,,,,,,,,,,,0.005,,,2,0,70.0,,61,,0,4
07/08/2024 22:19:14,07/08/2024 18:19:14,8,8,,,8,8,,,71,80,80,80,80,0,442,,,0,,,,,23.56,,0,,,,,,,,,,,,,,,,,0.007,,,4,0,69.8,,61,,0,4
07/08/2024 22:34:14,07/08/2024 18:34:14,8,8,,,8,8,,,71,81,81,81,81,0,436,,,0,,,,,23.56,,0,,,,,,,,,,,,,,,,,0.002,,,1,0,69.8,,61,,0,4
07/08/2024 22:49:14,07/08/2024 18:49:14,8,8,,,8,8,,,70,79,79,79,79,0,443,,,0,,,,,23.55,,0,,,,,,,,,,,,,,,,,0.000,,,0,0,69.8,,61,,0,4
07/08/2024 23:04:14,07/08/2024 19:04:14,8,8,,,8,8,,,72,81,81,81,81,0,437,,,0,,,,,23.55,,0,,,,,,,,,,,,,,,,,0.004,,,2,0,69.6,,61,,0,4
07/08/2024 23:19:14,07/08/2024 19:19:14,8,8,,,8,8,,,73,82,83,83,83,0,438,,,0,,,,,23.55,,0,,,,,,,,,,,,,,,,,0.008,,,3,0,69.6,,61,,0,4
07/08/2024 23:34:14,07/08/2024 19:34:14,8,8,,,8,8,,,73,82,83,83,83,0,441,,,0,,,,,23.54,,0,,,,,,,,,,,,,,,,,0.001,,,0,0,69.4,,61,,0,4
07/08/2024 23:49:14,07/08/2024 19:49:14,8,9,,,9,9,,,76,86,86,86,86,0,445,,,0,,,,,23.54,,0,,,,,,,,,,,,,,,,,0.002,,,1,0,69.4,,61,,0,4
07/09/2024 00:04:14,07/08/2024 20:04:14,8,9,,,9,9,,,75,84,84,84,84,0,439,,,0,,,,,23.54,,0,,,,,,,,,,,,,,,,,0.001,,,0,0,69.3,,61,,0,4
07/09/2024 00:19:14,07/08/2024 20:19:14,8,9,,,9,9,,,75,84,84,84,84,0,440,,,0,,,,,23.54,,0,,,,,,,,,,,,,,,,,0.005,,,2,0,69.3,,61,,0,4
07/09/2024 00:34:14,07/08/2024 20:34:14,8,9,,,9,9,,,75,85,85,85,85,0,435,,,0,,,,,23.54,,0,,,,,,,,,,,,,,,,,0.011,,,5,0,69.3,,61,,0,4
07/09/2024 00:49:14,07/08/2024 20:49:14,8,9,,,9,9,,,76,85,85,85,85,0,437,,,0,,,,,23.54,,0,,,,,,,,,,,,,,,,,0.005,,,2,0,69.3,,61,,0,4
07/09/2024 01:04:14,07/08/2024 21:04:14,8,9,,,9,9,,,76,85,86,86,86,0,434,,,0,,,,,23.55,,0,,,,,,,,,,,,,,,,,0.005,,,3,0,69.3,,61,,0,4
07/09/2024 01:19:14,07/08/2024 21:19:14,8,9,,,9,9,,,77,87,87,87,87,0,444,,,0,,,,,23.55,,0,,,,,,,,,,,,,,,,,0.005,,,2,0,69.3,,61,,0,4
07/09/2024 01:34:14,07/08/2024 21:34:14,8,9,,,9,9,,,77,87,87,87,87,0,452,,,0,,,,,23.55,,0,,,,,,,,,,,,,,,,,0.001,,,0,0,69.3,,61,,0,4
07/09/2024 01:49:14,07/08/2024 21:49:14,8,9,,,9,9,,,77,87,87,87,87,0,444,,,0,,,,,23.55,,0,,,,,,,,,,,,,,,,,0.001,,,0,0,69.3,,60,,0,4
07/09/2024 02:04:14,07/08/2024 22:04:14,9,9,,,9,9,,,79,89,89,89,89,0,443,,,0,,,,,23.55,,0,,,,,,,,,,,,,,,,,0.001,,,0,0,69.3,,60,,0,4
07/09/2024 02:19:14,07/08/2024 22:19:14,9,9,,,9,9,,,80,90,90,90,90,0,442,,,0,,,,,23.55,,0,,,,,,,,,,,,,,,,,0.002,,,1,0,69.3,,60,,0,4
07/09/2024 02:34:14,07/08/2024 22:34:14,9,9,,,9,9,,,82,92,92,92,92,0,445,,,0,,,,,23.56,,0,,,,,,,,,,,,,,,,,0.000,,,0,0,69.3,,60,,0,4
07/09/2024 02:49:14,07/08/2024 22:49:14,9,10,,,10,10,,,83,94,94,94,94,0,453,,,0,,,,,23.56,,0,,,,,,,,,,,,,,,,,0.000,,,0,0,69.1,,60,,0,4
07/09/2024 03:04:14,07/08/2024 23:04:14,9,10,,,10,10,,,86,97,97,97,97,0,459,,,0,,,,,23.56,,0,,,,,,,,,,,,,,,,,0.007,,,4,0,68.9,,60,,0,4
07/09/2024 03:19:14,07/08/2024 23:19:14,9,10,,,10,10,,,87,98,98,98,98,0,456,,,0,,,,,23.56,,0,,,,,,,,,,,,,,,,,0.017,,,9,0,68.7,,61,,0,4
07/09/2024 03:34:14,07/08/2024 23:34:14,9,10,,,10,10,,,88,99,99,99,99,0,451,,,0,,,,,23.56,,0,,,,,,,,,,,,,,,,,0.016,,,8,0,68.7,,61,,0,4
07/09/2024 03:49:14,07/08/2024 23:49:14,10,11,,,11,11,,,93,105,105,105,105,0,456,,,0,,,,,23.56,,0,,,,,,,,,,,,,,,,,0.026,,,14,0,68.5,,61,,0,4
07/09/2024 04:04:14,07/09/2024 00:04:14,11,11,,,11,11,,,98,110,110,110,110,0,464,,,0,,,,,23.57,,0,,,,,,,,,,,,,,,,,0.027,,,14,0,68.5,,61,,0,4
07/09/2024 04:19:14,07/09/2024 00:19:14,11,12,,,12,12,,,104,117,117,117,117,0,469,,,0,,,,,23.57,,0,,,,,,,,,,,,,,,,,0.030,,,16,0,68.9,,60,,0,0
07/09/2024 04:34:14,07/09/2024 00:34:14,12,13,,,13,13,,,114,128,128,128,129,0,467,,,0,,,,,23.58,,0,,,,,,,,,,,,,,,,,0.062,,,33,0,68.9,,60,,0,0
07/09/2024 04:49:14,07/09/2024 00:49:14,14,15,,,15,15,,,132,149,149,149,149,0,493,,,0,,,,,23.59,,0,,,,,,,,,,,,,,,,,0.079,,,42,0,68.9,,60,,0,0
07/09/2024 05:04:14,07/09/2024 01:04:14,17,18,,,18,18,,,157,177,177,177,178,0,578,,,0,,,,,23.59,,0,,,,,,,,,,,,,,,,,0.289,,,154,0,68.7,,61,,0,0
07/09/2024 05:19:14,07/09/2024 01:19:14,17,18,,,18,18,,,162,182,182,182,182,0,607,,,0,,,,,23.59,,0,,,,,,,,,,,,,,,,,0.624,,,332,0,68.9,,61,,0,0
07/09/2024 05:34:14,07/09/2024 01:34:14,18,19,,,19,19,,,168,190,190,190,190,0,597,,,0,,,,,23.59,,0,,,,,,,,,,,,,,,,,0.653,,,347,0,69.1,,61,,0,0
07/09/2024 05:49:14,07/09/2024 01:49:14,19,20,,,20,20,,,173,195,196,196,196,0,572,,,0,,,,,23.59,,0,,,,,,,,,,,,,,,,,0.531,,,282,0,69.3,,61,,0,0
07/09/2024 06:04:14,07/09/2024 02:04:14,20,21,,,21,21,,,181,204,204,204,204,0,552,,,0,,,,,23.59,,0,,,,,,,,,,,,,,,,,0.551,,,293,0,69.4,,62,,0,0
07/09/2024 06:19:14,07/09/2024 02:19:14,20,22,,,22,22,,,189,213,214,214,214,0,549,,,0,,,,,23.60,,0,,,,,,,,,,,,,,,,,0.607,,,323,0,69.6,,62,,0,0
07/09/2024 06:34:14,07/09/2024 02:34:14,19,20,,,20,20,,,176,198,198,198,198,0,622,,,0,,,,,23.60,,0,,,,,,,,,,,,,,,,,0.723,,,385,0,69.8,,61,,0,0
07/09/2024 06:49:14,07/09/2024 02:49:14,17,18,,,18,18,,,154,173,174,174,174,0,628,,,0,,,,,23.60,,0,,,,,,,,,,,,,,,,,0.709,,,377,0,70.0,,61,,0,0
07/09/2024 07:04:14,07/09/2024 03:04:14,15,16,,,16,16,,,138,156,156,156,156,0,642,,,0,,,,,23.60,,0,,,,,,,,,,,,,,,,,0.496,,,264,0,70.2,,61,,0,0
07/09/2024 07:19:14,07/09/2024 03:19:14,15,16,,,16,16,,,136,153,153,153,153,0,713,,,0,,,,,23.60,,0,,,,,,,,,,,,,,,,,0.535,,,285,0,70.5,,61,,0,0
07/09/2024 07:34:14,07/09/2024 03:34:14,15,16,,,16,16,,,138,156,156,156,156,0,743,,,0,,,,,23.59,,0,,,,,,,,,,,,,,,,,0.475,,,253,0,70.7,,61,,0,0
07/09/2024 07:49:14,07/09/2024 03:49:14,16,17,,,17,17,,,144,162,162,163,163,0,711,,,0,,,,,23.59,,0,,,,,,,,,,,,,,,,,0.320,,,170,0,71.1,,60,,0,0
07/09/2024 08:04:14,07/09/2024 04:04:14,16,17,,,17,17,,,144,162,163,163,163,0,661,,,0,,,,,23.59,,0,,,,,,,,,,,,,,,,,0.270,,,143,0,71.2,,60,,0,0
07/09/2024 08:19:14,07/09/2024 04:19:14,16,16,,,16,16,,,142,160,161,161,161,0,654,,,0,,,,,23.59,,0,,,,,,,,,,,,,,,,,0.168,,,89,0,71.4,,59,,0,0
07/09/2024 08:34:14,07/09/2024 04:34:14,16,17,,,17,17,,,144,163,163,163,163,0,618,,,0,,,,,23.59,,0,,,,,,,,,,,,,,,,,0.039,,,20,0,71.8,,57,,0,0
07/09/2024 08:49:14,07/09/2024 04:49:14,16,16,,,16,16,,,142,160,161,161,161,0,558,,,0,,,,,23.58,,0,,,,,,,,,,,,,,,,,0.015,,,8,0,72.0,,57,,0,0
07/09/2024 09:04:14,07/09/2024 05:04:14,15,16,,,16,16,,,138,155,156,156,156,0,630,,,0,,,,,23.58,,0,,,,,,,,,,,,,,,,,0.075,,,40,0,72.3,,57,,0,0
07/09/2024 09:19:14,07/09/2024 05:19:14,15,16,,,16,16,,,139,156,157,157,157,0,665,,,0,,,,,23.57,,0,,,,,,,,,,,,,,,,,0.082,,,44,0,72.7,,57,,0,0
07/09/2024 09:34:14,07/09/2024 05:34:14,15,16,,,16,16,,,137,155,155,155,155,0,599,,,0,,,,,23.57,,0,,,,,,,,,,,,,,,,,0.034,,,18,0,73.2,,55,,0,0
07/09/2024 09:49:14,07/09/2024 05:49:14,14,15,,,15,15,,,129,146,146,146,146,0,582,,,0,,,,,23.57,,0,,,,,,,,,,,,,,,,,0.033,,,17,0,73.4,,55,,0,0
07/09/2024 10:04:14,07/09/2024 06:04:14,14,15,,,15,15,,,125,141,142,142,142,0,567,,,0,,,,,23.56,,0,,,,,,,,,,,,,,,,,0.021,,,11,0,73.9,,54,,0,0
07/09/2024 10:19:14,07/09/2024 06:19:14,13,13,,,13,13,,,115,130,130,130,130,0,524,,,0,,,,,23.56,,0,,,,,,,,,,,,,,,,,0.000,,,0,0,74.3,,53,,0,0
07/09/2024 10:34:14,07/09/2024 06:34:14,12,13,,,13,13,,,113,127,127,127,127,0,506,,,0,,,,,23.55,,0,,,,,,,,,,,,,,,,,0.008,,,3,0,74.5,,53,,0,0
07/09/2024 10:49:14,07/09/2024 06:49:14,13,14,,,14,14,,,119,135,135,135,135,0,504,,,0,,,,,23.54,,0,,,,,,,,,,,,,,,,,0.068,,,36,0,74.7,,53,,0,0
07/09/2024 11:04:14,07/09/2024 07:04:14,13,14,,,14,14,,,116,131,131,131,131,0,507,,,0,,,,,23.54,,0,,,,,,,,,,,,,,,,,0.100,,,53,0,74.3,,53,,0,0
07/09/2024 11:19:14,07/09/2024 07:19:14,13,13,,,13,13,,,114,128,128,128,128,0,514,,,0,,,,,23.53,,0,,,,,,,,,,,,,,,,,0.148,,,79,0,74.3,,54,,0,0
07/09/2024 11:34:14,07/09/2024 07:34:14,12,13,,,13,13,,,111,125,126,126,126,0,536,,,0,,,,,23.53,,0,,,,,,,,,,,,,,,,,0.125,,,66,0,74.5,,54,,0,0
07/09/2024 11:49:14,07/09/2024 07:49:14,12,13,,,13,13,,,108,121,121,122,122,0,528,,,0,,,,,23.52,,0,,,,,,,,,,,,,,,,,0.043,,,23,0,74.8,,53,,0,0
07/09/2024 12:04:14,07/09/2024 08:04:14,12,12,,,12,12,,,105,119,119,119,119,0,485,,,0,,,,,23.52,,0,,,,,,,,,,,,,,,,,0.018,,,9,0,74.8,,53,,0,0
07/09/2024 12:19:14,07/09/2024 08:19:14,12,13,,,13,13,,,110,124,124,124,124,0,481,,,0,,,,,23.52,,0,,,,,,,,,,,,,,,,,0.066,,,35,0,74.7,,54,,0,0
07/09/2024 12:34:14,07/09/2024 08:34:14,13,13,,,13,13,,,115,129,129,129,129,0,472,,,0,,,,,23.51,,0,,,,,,,,,,,,,,,,,0.150,,,80,0,74.7,,54,,0,0
07/09/2024 12:49:14,07/09/2024 08:49:14,14,15,,,15,15,,,128,144,144,144,144,0,466,,,0,,,,,23.51,,0,,,,,,,,,,,,,,,,,0.299,,,159,0,74.5,,55,,0,0
07/09/2024 13:04:14,07/09/2024 09:04:14,15,16,,,16,16,,,133,150,150,150,150,0,469,,,0,,,,,23.51,,0,,,,,,,,,,,,,,,,,0.295,,,157,0,74.8,,55,,0,0
07/09/2024 13:19:14,07/09/2024 09:19:14,15,16,,,16,16,,,133,150,150,150,150,0,448,,,0,,,,,23.51,,0,,,,,,,,,,,,,,,,,0.206,,,110,0,74.8,,54,,0,0
07/09/2024 13:34:14,07/09/2024 09:34:14,14,15,,,15,15,,,129,145,145,145,145,0,431,,,0,,,,,23.52,,0,,,,,,,,,,,,,,,,,0.112,,,60,0,74.5,,55,,0,0
07/09/2024 13:49:14,07/09/2024 09:49:14,10,11,,,11,11,,,91,103,103,103,103,0,410,,,0,,,,,23.53,,0,,,,,,,,,,,,,,,,,0.017,,,9,0,74.1,,54,,0,0
07/09/2024 14:04:14,07/09/2024 10:04:14,7,8,,,8,8,,,65,73,74,74,74,0,417,,,0,,,,,23.53,,0,,,,,,,,,,,,,,,,,0.001,,,0,0,73.6,,53,,0,0
07/09/2024 14:19:14,07/09/2024 10:19:14,6,7,,,7,7,,,57,65,65,65,65,0,420,,,0,,,,,23.53,,0,,,,,,,,,,,,,,,,,0.042,,,22,0,73.2,,54,,0,0
07/09/2024 14:34:14,07/09/2024 10:34:14,6,7,,,7,7,,,56,63,63,63,63,0,421,,,0,,,,,23.53,,0,,,,,,,,,,,,,,,,,0.112,,,60,0,73.0,,55,,0,0
07/09/2024 14:49:14,07/09/2024 10:49:14,6,6,,,6,6,,,54,61,61,61,61,0,426,,,0,,,,,23.53,,0,,,,,,,,,,,,,,,,,0.154,,,82,0,72.9,,55,,0,0
07/09/2024 15:04:14,07/09/2024 11:04:14,6,6,,,6,6,,,54,61,61,61,61,0,418,,,0,,,,,23.54,,0,,,,,,,,,,,,,,,,,0.176,,,94,0,72.7,,56,,0,0
07/09/2024 15:19:14,07/09/2024 11:19:14,6,6,,,6,6,,,56,63,63,63,63,0,412,,,0,,,,,23.54,,0,,,,,,,,,,,,,,,,,0.174,,,92,0,72.5,,57,,0,0
07/09/2024 15:34:14,07/09/2024 11:34:14,6,7,,,7,7,,,58,66,66,66,66,0,411,,,0,,,,,23.54,,0,,,,,,,,,,,,,,,,,0.259,,,138,0,72.3,,57,,0,0
07/09/2024 15:49:14,07/09/2024 11:49:14,7,8,,,8,8,,,68,76,76,76,76,0,404,,,0,,,,,23.55,,0,,,,,,,,,,,,,,,,,0.301,,,160,0,72.1,,58,,0,0
07/09/2024 16:04:14,07/09/2024 12:04:14,8,9,,,9,9,,,76,85,85,85,85,0,406,,,0,,,,,23.56,,0,,,,,,,,,,,,,,,,,0.344,,,183,0,72.0,,58,,0,0
07/09/2024 16:19:14,07/09/2024 12:19:14,9,9,,,9,9,,,80,90,90,90,90,0,412,,,0,,,,,23.56,,0,,,,,,,,,,,,,,,,,0.369,,,196,0,72.0,,59,,0,0
07/09/2024 16:34:14,07/09/2024 12:34:14,9,10,,,10,10,,,85,96,96,96,96,0,418,,,0,,,,,23.56,,0,,,,,,,,,,,,,,,,,0.390,,,207,0,71.8,,59,,0,0
07/09/2024 16:49:14,07/09/2024 12:49:14,10,11,,,11,11,,,91,103,103,103,103,0,416,,,0,,,,,23.56,,0,,,,,,,,,,,,,,,,,0.400,,,213,0,71.8,,59,,0,0
07/09/2024 17:04:14,07/09/2024 13:04:14,10,11,,,11,11,,,96,108,108,108,108,0,408,,,0,,,,,23.56,,0,,,,,,,,,,,,,,,,,0.442,,,235,0,71.6,,60,,0,0
07/09/2024 17:19:14,07/09/2024 13:19:14,11,12,,,12,12,,,101,114,114,114,114,0,409,,,0,,,,,23.56,,0,,,,,,,,,,,,,,,,,0.507,,,270,0,71.6,,60,,0,0
07/09/2024 17:34:14,07/09/2024 13:34:14,12,12,,,12,12,,,108,121,122,122,122,0,411,,,0,,,,,23.57,,0,,,,,,,,,,,,,,,,,0.536,,,285,0,71.4,,61,,0,0
07/09/2024 17:49:14,07/09/2024 13:49:14,12,13,,,13,13,,,111,125,125,125,125,0,417,,,0,,,,,23.57,,0,,,,,,,,,,,,,,,,,0.565,,,300,0,71.4,,61,,0,0
07/09/2024 18:04:14,07/09/2024 14:04:14,12,13,,,13,13,,,110,124,124,124,124,0,420,,,0,,,,,23.57,,0,,,,,,,,,,,,,,,,,0.600,,,319,0,71.2,,61,,0,0
07/09/2024 18:19:14,07/09/2024 14:19:14,12,12,,,12,12,,,107,121,121,121,121,0,417,,,0,,,,,23.57,,0,,,,,,,,,,,,,,,,,0.632,,,336,0,71.2,,61,,0,0
07/09/2024 18:34:14,07/09/2024 14:34:14,12,12,,,12,12,,,107,120,120,120,120,0,414,,,0,,,,,23.57,,0,,,,,,,,,,,,,,,,,0.614,,,327,0,71.2,,61,,0,0
07/09/2024 18:49:14,07/09/2024 14:49:14,11,12,,,12,12,,,105,119,119,119,119,0,419,,,0,,,,,23.58,,0,,,,,,,,,,,,,,,,,0.622,,,331,0,71.1,,62,,0,0
07/09/2024 19:04:14,07/09/2024 15:04:14,11,12,,,12,12,,,103,116,117,117,117,0,422,,,0,,,,,23.58,,0,,,,,,,,,,,,,,,,,0.648,,,345,0,71.1,,62,,0,0
07/09/2024 19:19:14,07/09/2024 15:19:14,11,11,,,11,11,,,100,112,112,112,112,0,423,,,0,,,,,23.59,,0,,,,,,,,,,,,,,,,,0.627,,,333,0,70.9,,62,,0,0
07/09/2024 19:34:14,07/09/2024 15:34:14,11,11,,,11,11,,,97,110,110,110,110,0,417,,,0,,,,,23.59,,0,,,,,,,,,,,,,,,,,0.669,,,356,0,70.9,,62,,0,0
07/09/2024 19:49:14,07/09/2024 15:49:14,10,11,,,11,11,,,93,104,105,105,105,0,418,,,0,,,,,23.59,,0,,,,,,,,,,,,,,,,,0.667,,,355,0,70.9,,62,,0,0
07/09/2024 20:04:14,07/09/2024 16:04:14,10,10,,,10,10,,,88,99,99,99,99,0,413,,,0,,,,,23.59,,0,,,,,,,,,,,,,,,,,0.655,,,349,0,70.7,,62,,0,0
07/09/2024 20:19:14,07/09/2024 16:19:14,9,10,,,10,10,,,85,96,96,96,97,0,415,,,0,,,,,23.59,,0,,,,,,,,,,,,,,,,,0.637,,,339,0,70.7,,62,,0,0
07/09/2024 20:34:14,07/09/2024 16:34:14,9,9,,,9,9,,,82,92,93,93,93,0,420,,,0,,,,,23.58,,0,,,,,,,,,,,,,,,,,0.611,,,325,0,70.7,,62,,0,0
07/09/2024 20:49:14,07/09/2024 16:49:14,9,9,,,9,9,,,80,91,91,91,91,0,423,,,0,,,,,23.58,,0,,,,,,,,,,,,,,,,,0.607,,,323,0,70.5,,62,,0,0
07/09/2024 21:04:14,07/09/2024 17:04:14,8,9,,,9,9,,,75,84,84,84,84,0,423,,,0,,,,,23.58,,0,,,,,,,,,,,,,,,,,0.616,,,328,0,70.5,,62,,0,0
07/09/2024 21:19:14,07/09/2024 17:19:14,8,8,,,8,8,,,73,83,83,83,83,0,422,,,0,,,,,23.58,,0,,,,,,,,,,,,,,,,,0.686,,,365,0,70.3,,62,,0,0
07/09/2024 21:34:14,07/09/2024 17:34:14,8,9,,,9,9,,,75,85,85,85,85,0,432,,,0,,,,,23.58,,0,,,,,,,,,,,,,,,,,0.706,,,376,0,70.3,,63,,0,0
07/09/2024 21:49:14,07/09/2024 17:49:14,8,8,,,8,8,,,74,83,84,84,84,0,431,,,0,,,,,23.57,,0,,,,,,,,,,,,,,,,,0.694,,,369,0,70.3,,63,,0,0
07/09/2024 22:04:14,07/09/2024 18:04:14,8,8,,,8,8,,,71,80,81,81,81,0,427,,,0,,,,,23.56,,0,,,,,,,,,,,,,,,,,0.670,,,356,0,70.2,,62,,0,0
07/09/2024 22:19:14,07/09/2024 18:19:14,8,8,,,8,8,,,71,80,80,80,80,0,430,,,0,,,,,23.56,,0,,,,,,,,,,,,,,,,,0.647,,,344,0,70.2,,62,,0,0
07/09/2024 22:34:14,07/09/2024 18:34:14,7,8,,,8,8,,,69,78,78,78,78,0,426,,,0,,,,,23.55,,0,,,,,,,,,,,,,,,,,0.617,,,328,0,70.2,,62,,0,0
07/09/2024 22:49:14,07/09/2024 18:49:14,7,8,,,8,8,,,68,77,77,77,77,0,427,,,0,,,,,23.54,,0,,,,,,,,,,,,,,,,,0.591,,,315,0,70.0,,63,,0,0
07/09/2024 23:04:14,07/09/2024 19:04:14,7,8,,,8,8,,,66,74,74,74,74,0,430,,,0,,,,,23.54,,0,,,,,,,,,,,,,,,,,0.573,,,305,0,70.0,,63,,0,0
07/09/2024 23:19:14,07/09/2024 19:19:14,7,7,,,7,7,,,65,73,73,73,73,0,445,,,0,,,,,23.54,,0,,,,,,,,,,,,,,,,,0.600,,,319,0,70.0,,63,,0,0
07/09/2024 23:34:14,07/09/2024 19:34:14,7,8,,,8,8,,,66,74,74,74,74,0,450,,,0,,,,,23.53,,0,,,,,,,,,,,,,,,,,0.588,,,313,0,69.8,,63,,0,0
07/09/2024 23:49:14,07/09/2024 19:49:14,7,7,,,7,7,,,64,72,72,72,72,0,452,,,0,,,,,23.54,,0,,,,,,,,,,,,,,,,,0.587,,,312,0,69.8,,63,,0,0
07/10/2024 00:04:14,07/09/2024 20:04:14,7,7,,,7,7,,,62,70,70,70,70,0,456,,,0,,,,,23.53,,0,,,,,,,,,,,,,,,,,0.582,,,310,0,69.8,,63,,0,0
07/10/2024 00:19:14,07/09/2024 20:19:14,7,7,,,7,7,,,63,71,71,71,71,0,453,,,0,,,,,23.53,,0,,,,,,,,,,,,,,,,,0.578,,,307,0,69.6,,63,,0,0
07/10/2024 00:34:14,07/09/2024 20:34:14,7,7,,,7,7,,,65,73,73,73,73,0,443,,,0,,,,,23.54,,0,,,,,,,,,,,,,,,,,0.586,,,311,0,69.6,,63,,0,0
07/10/2024 00:49:14,07/09/2024 20:49:14,7,8,,,8,8,,,68,76,76,76,76,0,444,,,0,,,,,23.54,,0,,,,,,,,,,,,,,,,,0.613,,,326,0,69.4,,63,,0,0
07/10/2024 01:04:14,07/09/2024 21:04:14,7,8,,,8,8,,,68,77,77,77,77,0,456,,,0,,,,,23.55,,0,,,,,,,,,,,,,,,,,0.625,,,333,0,69.4,,63,,0,0
07/10/2024 01:19:14,07/09/2024 21:19:14,7,8,,,8,8,,,68,77,77,77,77,0,463,,,0,,,,,23.55,,0,,,,,,,,,,,,,,,,,0.635,,,338,0,69.4,,64,,0,0
07/10/2024 01:34:14,07/09/2024 21:34:14,7,8,,,8,8,,,66,75,75,75,75,0,462,,,0,,,,,23.55,,0,,,,,,,,,,,,,,,,,0.620,,,330,0,69.4,,64,,0,0
07/10/2024 01:49:14,07/09/2024 21:49:14,7,8,,,8,8,,,67,75,75,76,76,0,477,,,0,,,,,23.55,,0,,,,,,,,,,,,,,,,,0.616,,,328,0,69.4,,64,,0,0
07/10/2024 02:04:14,07/09/2024 22:04:14,7,7,,,7,7,,,65,73,73,73,73,0,474,,,0,,,,,23.56,,0,,,,,,,,,,,,,,,,,0.603,,,321,0,69.4,,64,,0,0
07/10/2024 02:19:14,07/09/2024 22:19:14,7,8,,,8,8,,,67,76,76,76,76,0,482,,,0,,,,,23.56,,0,,,,,,,,,,,,,,,,,0.575,,,306,0,69.3,,64,,0,0
07/10/2024 02:34:14,07/09/2024 22:34:14,7,8,,,8,8,,,66,75,75,75,75,0,478,,,0,,,,,23.56,,0,,,,,,,,,,,,,,,,,0.538,,,286,0,69.3,,64,,0,0
07/10/2024 02:49:14,07/09/2024 22:49:14,7,7,,,7,7,,,65,73,73,73,73,0,475,,,0,,,,,23.56,,0,,,,,,,,,,,,,,,,,0.492,,,262,0,69.1,,63,,0,0
07/10/2024 03:04:14,07/09/2024 23:04:14,7,8,,,8,8,,,67,75,76,76,76,0,475,,,0,,,,,23.56,,0,,,,,,,,,,,,,,,,,0.457,,,243,0,69.1,,63,,0,0
07/10/2024 03:19:14,07/09/2024 23:19:14,7,8,,,8,8,,,67,75,75,75,75,0,477,,,0,,,,,23.56,,0,,,,,,,,,,,,,,,,,0.413,,,220,0,68.9,,63,,0,0
07/10/2024 03:34:14,07/09/2024 23:34:14,7,8,,,8,8,,,68,76,77,77,77,0,473,,,0,,,,,23.56,,0,,,,,,,,,,,,,,,,,0.416,,,221,0,68.9,,63,,0,0
07/10/2024 03:49:14,07/09/2024 23:49:14,8,9,,,9,9,,,76,85,85,85,85,0,473,,,0,,,,,23.57,,0,,,,,,,,,,,,,,,,,0.402,,,214,0,68.7,,63,,0,0
07/10/2024 04:04:14,07/10/2024 00:04:14,9,9,,,9,9,,,81,91,91,91,91,0,477,,,0,,,,,23.57,,0,,,,,,,,,,,,,,,,,0.391,,,208,0,68.7,,62,,0,0
07/10/2024 04:19:14,07/10/2024 00:19:14,9,9,,,9,9,,,83,94,94,94,94,0,472,,,0,,,,,23.57,,0,,,,,,,,,,,,,,,,,0.391,,,208,0,68.7,,62,,0,0
07/10/2024 04:34:14,07/10/2024 00:34:14,9,10,,,10,10,,,87,98,98,98,98,0,479,,,0,,,,,23.58,,0,,,,,,,,,,,,,,,,,0.447,,,238,0,68.7,,62,,0,0
07/10/2024 04:49:14,07/10/2024 00:49:14,10,11,,,11,11,,,96,108,108,108,108,0,496,,,0,,,,,23.58,,0,,,,,,,,,,,,,,,,,0.683,,,363,0,68.7,,62,,0,0
07/10/2024 05:04:14,07/10/2024 01:04:14,11,12,,,12,12,,,105,118,118,118,119,0,521,,,0,,,,,23.59,,0,,,,,,,,,,,,,,,,,0.751,,,399,0,68.9,,62,,0,0
07/10/2024 05:19:14,07/10/2024 01:19:14,12,12,,,12,12,,,107,121,121,121,121,0,517,,,0,,,,,23.59,,0,,,,,,,,,,,,,,,,,0.787,,,419,0,69.1,,62,,0,0
07/10/2024 05:34:14,07/10/2024 01:34:14,12,13,,,13,13,,,113,128,128,128,128,0,517,,,0,,,,,23.60,,0,,,,,,,,,,,,,,,,,0.807,,,429,0,69.1,,63,,0,0
07/10/2024 05:49:14,07/10/2024 01:49:14,13,14,,,14,14,,,122,138,138,138,138,0,522,,,0,,,,,23.60,,0,,,,,,,,,,,,,,,,,0.845,,,449,0,69.3,,63,,0,0
07/10/2024 06:04:14,07/10/2024 02:04:14,14,15,,,15,15,,,129,145,145,145,145,0,510,,,0,,,,,23.60,,0,,,,,,,,,,,,,,,,,0.876,,,466,0,69.4,,63,,0,0
07/10/2024 06:19:14,07/10/2024 02:19:14,15,15,,,15,15,,,135,152,152,152,152,0,523,,,0,,,,,23.60,,0,,,,,,,,,,,,,,,,,0.902,,,480,0,69.6,,63,,0,0
07/10/2024 06:34:14,07/10/2024 02:34:14,14,15,,,15,15,,,132,148,149,149,149,0,524,,,0,,,,,23.61,,0,,,,,,,,,,,,,,,,,0.924,,,492,0,69.8,,63,,0,0
07/10/2024 06:49:14,07/10/2024 02:49:14,14,15,,,15,15,,,127,143,144,144,144,0,522,,,0,,,,,23.61,,0,,,,,,,,,,,,,,,,,0.953,,,507,0,69.8,,62,,0,0
07/10/2024 07:04:13,07/10/2024 03:04:13,13,13,,,13,13,,,117,132,132,132,132,0,499,,,0,,,,,23.61,,0,,,,,,,,,,,,,,,,,0.923,,,491,0,70.0,,63,,0,0
07/10/2024 07:19:13,07/10/2024 03:19:13,12,12,,,12,12,,,107,120,121,121,121,0,477,,,0,,,,,23.61,,0,,,,,,,,,,,,,,,,,0.879,,,467,0,70.0,,63,,0,0
07/10/2024 07:34:13,07/10/2024 03:34:13,11,11,,,11,11,,,98,110,110,110,110,0,459,,,0,,,,,23.60,,0,,,,,,,,,,,,,,,,,0.865,,,460,0,70.2,,63,,0,0
07/10/2024 07:49:13,07/10/2024 03:49:13,10,10,,,10,10,,,89,100,100,100,100,0,457,,,0,,,,,23.60,,0,,,,,,,,,,,,,,,,,0.743,,,395,0,70.3,,64,,0,0
07/10/2024 08:04:13,07/10/2024 04:04:13,9,10,,,10,10,,,84,95,95,95,95,0,471,,,0,,,,,23.60,,0,,,,,,,,,,,,,,,,,0.754,,,401,0,70.5,,64,,0,0
07/10/2024 08:19:13,07/10/2024 04:19:13,9,9,,,9,9,,,78,88,88,88,88,0,471,,,0,,,,,23.60,,0,,,,,,,,,,,,,,,,,0.636,,,338,0,70.9,,63,,0,0
07/10/2024 08:34:13,07/10/2024 04:34:13,8,9,,,9,9,,,77,86,87,87,87,0,615,,,0,,,,,23.59,,0,,,,,,,,,,,,,,,,,0.738,,,393,0,71.1,,63,,0,0
07/10/2024 08:49:13,07/10/2024 04:49:13,8,9,,,9,9,,,74,83,84,84,84,0,622,,,0,,,,,23.59,,0,,,,,,,,,,,,,,,,,0.839,,,446,0,71.2,,62,,0,0
07/10/2024 09:04:13,07/10/2024 05:04:13,7,7,,,7,7,,,64,72,73,73,73,0,518,,,0,,,,,23.58,,0,,,,,,,,,,,,,,,,,0.397,,,211,0,71.2,,60,,0,0
07/10/2024 09:19:13,07/10/2024 05:19:13,6,7,,,7,7,,,59,66,66,66,66,0,472,,,0,,,,,23.58,,0,,,,,,,,,,,,,,,,,0.167,,,89,0,71.2,,59,,0,0
07/10/2024 09:34:13,07/10/2024 05:34:13,6,7,,,7,7,,,57,64,64,64,64,0,446,,,0,,,,,23.58,,0,,,,,,,,,,,,,,,,,0.080,,,43,0,71.4,,59,,0,0
07/10/2024 09:51:27,07/10/2024 05:51:27,6,6,,,6,6,,,55,61,62,62,62,0,567,,,0,,,,,23.57,,0,,,,,,,,,,,,,,,,,0.036,,,19,0,71.8,,59,,0,1
07/10/2024 10:06:27,07/10/2024 06:06:27,6,6,,,6,6,,,55,61,62,62,62,0,533,,,0,,,,,23.57,,0,,,,,,,,,,,,,,,,,0.004,,,2,0,72.1,,58,,0,0
07/10/2024 10:21:27,07/10/2024 06:21:27,6,6,,,6,6,,,54,60,60,60,61,0,457,,,0,,,,,23.57,,0,,,,,,,,,,,,,,,,,0.000,,,0,0,72.7,,56,,0,0
07/10/2024 10:36:27,07/10/2024 06:36:27,6,6,,,6,6,,,55,62,62,62,62,0,413,,,0,,,,,23.56,,0,,,,,,,,,,,,,,,,,0.014,,,8,0,72.7,,56,,0,0
07/10/2024 10:51:27,07/10/2024 06:51:27,6,7,,,7,7,,,57,64,65,65,65,0,685,,,0,,,,,23.56,,0,,,,,,,,,,,,,,,,,0.207,,,110,0,73.0,,58,,0,0
07/10/2024 11:06:27,07/10/2024 07:06:27,6,6,,,6,6,,,54,61,61,61,61,0,955,,,0,,,,,23.55,,0,,,,,,,,,,,,,,,,,0.546,,,290,0,73.2,,59,,0,0
07/10/2024 11:21:27,07/10/2024 07:21:27,6,7,,,7,7,,,58,65,65,65,65,0,1016,,,0,,,,,23.54,,0,,,,,,,,,,,,,,,,,0.621,,,330,0,73.2,,59,,0,0
07/10/2024 11:36:27,07/10/2024 07:36:27,7,8,,,8,8,,,64,73,73,73,73,0,1029,,,0,,,,,23.54,,0,,,,,,,,,,,,,,,,,0.708,,,377,0,73.6,,59,,0,0
07/10/2024 11:51:27,07/10/2024 07:51:27,8,8,,,8,8,,,69,78,78,78,78,0,1041,,,0,,,,,23.54,,0,,,,,,,,,,,,,,,,,0.727,,,387,0,74.8,,57,,0,0
07/10/2024 12:06:27,07/10/2024 08:06:27,8,8,,,8,8,,,68,77,77,77,77,0,1045,,,0,,,,,23.54,,0,,,,,,,,,,,,,,,,,0.730,,,388,0,75.4,,56,,0,0
07/10/2024 12:21:27,07/10/2024 08:21:27,7,8,,,8,8,,,67,75,75,75,75,0,842,,,0,,,,,23.54,,0,,,,,,,,,,,,,,,,,0.739,,,393,0,75.6,,56,,0,0
07/10/2024 12:36:27,07/10/2024 08:36:27,8,8,,,8,8,,,68,77,77,77,77,0,643,,,0,,,,,23.54,,0,,,,,,,,,,,,,,,,,0.721,,,383,0,75.7,,55,,0,0
07/10/2024 12:51:27,07/10/2024 08:51:27,8,8,,,8,8,,,69,78,78,78,78,0,712,,,0,,,,,23.54,,0,,,,,,,,,,,,,,,,,0.806,,,429,0,75.9,,56,,0,0
07/10/2024 13:06:27,07/10/2024 09:06:27,8,8,,,8,8,,,68,77,77,77,77,0,749,,,0,,,,,23.55,,0,,,,,,,,,,,,,,,,,0.833,,,443,0,75.9,,56,,0,0
07/10/2024 13:37:45,07/10/2024 09:37:45,8,8,,,8,8,,,70,79,79,79,79,0,761,,,0,,,,,23.54,,0,,,,,,,,,,,,,,,,,0.000,,,0,0,76.3,,55,,0,1
07/10/2024 13:52:45,07/10/2024 09:52:45,8,8,,,8,8,,,67,76,76,76,76,0,718,,,0,,,,,23.53,,0,,,,,,,,,,,,,,,,,0.011,,,6,0,76.6,,55,,0,0
07/10/2024 14:10:04,07/10/2024 10:10:04,7,8,,,8,8,,,66,74,74,74,74,0,675,,,0,,,,,23.53,,0,,,,,,,,,,,,,,,,,0.000,,,0,0,76.6,,55,,0,1
07/10/2024 14:25:04,07/10/2024 10:25:04,8,9,,,9,9,,,73,82,82,82,82,0,607,,,0,,,,,23.54,,0,,,,,,,,,,,,,,,,,0.000,,,0,0,76.6,,56,,0,4
07/10/2024 14:40:04,07/10/2024 10:40:04,9,10,,,10,10,,,82,92,92,92,92,0,536,,,0,,,,,23.55,,0,,,,,,,,,,,,,,,,,0.031,,,17,0,76.3,,59,,0,4
07/10/2024 14:55:04,07/10/2024 10:55:04,10,10,,,10,10,,,86,96,97,97,97,0,468,,,0,,,,,23.55,,0,,,,,,,,,,,,,,,,,0.154,,,82,0,76.3,,63,,0,4
07/10/2024 15:10:04,07/10/2024 11:10:04,10,10,,,10,10,,,87,98,98,98,99,0,429,,,0,,,,,23.55,,0,,,,,,,,,,,,,,,,,0.202,,,107,0,76.3,,62,,0,4
07/10/2024 15:28:34,07/10/2024 11:28:34,12,12,,,12,12,,,105,118,118,118,118,0,434,,,0,,,,,23.56,,0,,,,,,,,,,,,,,,,,0.015,,,8,0,75.9,,63,,0,1
07/10/2024 15:43:34,07/10/2024 11:43:34,13,14,,,14,14,,,117,132,132,132,132,0,440,,,0,,,,,23.56,,0,,,,,,,,,,,,,,,,,0.026,,,14,0,75.7,,63,,0,0
07/10/2024 15:58:34,07/10/2024 11:58:34,14,14,,,14,14,,,121,137,137,137,137,0,435,,,0,,,,,23.57,,0,,,,,,,,,,,,,,,,,0.023,,,12,0,75.7,,62,,0,0
07/10/2024 16:13:34,07/10/2024 12:13:34,14,15,,,15,15,,,128,144,144,144,144,0,440,,,0,,,,,23.57,,0,,,,,,,,,,,,,,,,,0.022,,,12,0,75.4,,62,,0,0
07/10/2024 16:28:34,07/10/2024 12:28:34,14,15,,,15,15,,,128,145,145,145,145,0,439,,,0,,,,,23.57,,0,,,,,,,,,,,,,,,,,0.021,,,11,0,75.2,,61,,0,0
07/10/2024 16:43:34,07/10/2024 12:43:34,15,16,,,16,16,,,133,150,150,150,150,0,439,,,0,,,,,23.57,,0,,,,,,,,,,,,,,,,,0.018,,,10,0,75.0,,61,,0,0
07/10/2024 16:58:34,07/10/2024 12:58:34,15,16,,,16,16,,,135,152,153,153,153,0,442,,,0,,,,,23.57,,0,,,,,,,,,,,,,,,,,0.017,,,9,0,74.8,,61,,0,0
07/10/2024 17:13:34,07/10/2024 13:13:34,16,16,,,16,16,,,140,158,158,158,158,0,445,,,0,,,,,23.58,,0,,,,,,,,,,,,,,,,,0.018,,,10,0,74.7,,61,,0,0
07/10/2024 17:28:34,07/10/2024 13:28:34,16,17,,,17,17,,,146,165,165,165,165,0,449,,,0,,,,,23.59,,0,,,,,,,,,,,,,,,,,0.019,,,10,0,74.7,,60,,0,0
07/10/2024 17:43:34,07/10/2024 13:43:34,17,18,,,18,18,,,152,171,172,172,172,0,440,,,0,,,,,23.59,,0,,,,,,,,,,,,,,,,,0.019,,,10,0,74.5,,60,,0,0
07/10/2024 17:58:34,07/10/2024 13:58:34,17,18,,,18,18,,,157,177,177,177,177,0,442,,,0,,,,,23.59,,0,,,,,,,,,,,,,,,,,0.017,,,9,0,74.5,,60,,0,0
07/10/2024 18:13:34,07/10/2024 14:13:34,18,19,,,19,19,,,166,187,188,188,188,0,437,,,0,,,,,23.59,,0,,,,,,,,,,,,,,,,,0.013,,,4,0,74.3,,60,,0,0
07/10/2024 18:28:34,07/10/2024 14:28:34,18,19,,,19,19,,,167,188,188,188,188,0,438,,,0,,,,,23.59,,0,,,,,,,,,,,,,,,,,0.005,,,1,0,74.3,,60,,0,0
07/10/2024 18:43:34,07/10/2024 14:43:34,18,19,,,19,19,,,162,182,183,183,183,0,437,,,0,,,,,23.59,,0,,,,,,,,,,,,,,,,,0.008,,,3,0,74.3,,60,,0,0
07/10/2024 18:58:34,07/10/2024 14:58:34,17,18,,,18,18,,,152,171,171,171,171,0,434,,,0,,,,,23.60,,0,,,,,,,,,,,,,,,,,0.002,,,0,0,74.3,,60,,0,0
07/10/2024 19:13:34,07/10/2024 15:13:34,17,18,,,18,18,,,151,170,171,171,171,0,435,,,0,,,,,23.60,,0,,,,,,,,,,,,,,,,,0.005,,,0,0,74.3,,60,,0,0
07/10/2024 19:28:34,07/10/2024 15:28:34,16,17,,,17,17,,,146,164,165,165,165,0,435,,,0,,,,,23.60,,0,,,,,,,,,,,,,,,,,0.002,,,1,0,74.3,,59,,0,0
07/10/2024 19:43:34,07/10/2024 15:43:34,16,17,,,17,17,,,141,159,159,160,160,0,444,,,0,,,,,23.60,,0,,,,,,,,,,,,,,,,,0.000,,,0,0,74.1,,59,,0,0
07/10/2024 19:58:34,07/10/2024 15:58:34,15,16,,,16,16,,,135,152,152,152,152,0,439,,,0,,,,,23.60,,0,,,,,,,,,,,,,,,,,0.000,,,0,0,74.3,,59,,0,0
07/10/2024 20:13:34,07/10/2024 16:13:34,14,15,,,15,15,,,129,146,146,146,146,0,433,,,0,,,,,23.60,,0,,,,,,,,,,,,,,,,,0.000,,,0,0,74.3,,59,,0,0
07/10/2024 20:28:34,07/10/2024 16:28:34,14,15,,,15,15,,,125,141,141,141,141,0,431,,,0,,,,,23.60,,0,,,,,,,,,,,,,,,,,0.012,,,4,0,74.1,,59,,0,0
07/10/2024 20:43:34,07/10/2024 16:43:34,13,14,,,14,14,,,120,135,135,135,135,0,428,,,0,,,,,23.59,,0,,,,,,,,,,,,,,,,,0.005,,,1,0,74.1,,59,,0,0
07/10/2024 20:58:34,07/10/2024 16:58:34,13,14,,,14,14,,,120,136,136,136,136,0,431,,,0,,,,,23.59,,0,,,,,,,,,,,,,,,,,0.000,,,0,0,73.9,,59,,0,0
07/10/2024 21:13:34,07/10/2024 17:13:34,13,14,,,14,14,,,120,135,135,135,135,0,425,,,0,,,,,23.59,,0,,,,,,,,,,,,,,,,,0.001,,,0,0,73.8,,59,,0,0
07/10/2024 21:28:34,07/10/2024 17:28:34,12,13,,,13,13,,,112,126,126,126,126,0,420,,,0,,,,,23.59,,0,,,,,,,,,,,,,,,,,0.000,,,0,0,73.8,,59,,0,0
07/10/2024 21:43:34,07/10/2024 17:43:34,12,12,,,12,12,,,105,118,118,118,118,0,422,,,0,,,,,23.59,,0,,,,,,,,,,,,,,,,,0.000,,,0,0,73.8,,59,,0,0
07/10/2024 21:58:34,07/10/2024 17:58:34,11,12,,,12,12,,,101,114,114,114,114,0,416,,,0,,,,,23.59,,0,,,,,,,,,,,,,,,,,0.000,,,0,0,73.8,,59,,0,0
07/10/2024 22:13:34,07/10/2024 18:13:34,11,11,,,11,11,,,96,108,108,108,108,0,419,,,0,,,,,23.58,,0,,,,,,,,,,,,,,,,,0.000,,,0,0,73.6,,59,,0,0
07/10/2024 22:28:34,07/10/2024 18:28:34,10,10,,,10,10,,,89,101,101,101,101,0,421,,,0,,,,,23.58,,0,,,,,,,,,,,,,,,,,0.000,,,0,0,73.6,,59,,0,0
07/10/2024 22:43:34,07/10/2024 18:43:34,9,10,,,10,10,,,84,95,95,95,95,0,421,,,0,,,,,23.58,,0,,,,,,,,,,,,,,,,,0.000,,,0,0,73.6,,59,,0,0
07/10/2024 22:58:34,07/10/2024 18:58:34,9,9,,,9,9,,,80,90,90,90,90,0,425,,,0,,,,,23.57,,0,,,,,,,,,,,,,,,,,0.000,,,0,0,73.4,,59,,0,0
07/10/2024 23:13:34,07/10/2024 19:13:34,8,9,,,9,9,,,75,85,85,85,85,0,424,,,0,,,,,23.57,,0,,,,,,,,,,,,,,,,,0.000,,,0,0,73.4,,59,,0,0
07/10/2024 23:28:34,07/10/2024 19:28:34,8,8,,,8,8,,,71,80,80,80,80,0,416,,,0,,,,,23.57,,0,,,,,,,,,,,,,,,,,0.000,,,0,0,73.4,,59,,0,0
07/10/2024 23:43:34,07/10/2024 19:43:34,7,8,,,8,8,,,66,75,75,75,75,0,419,,,0,,,,,23.57,,0,,,,,,,,,,,,,,,,,0.000,,,0,0,73.6,,59,,0,0
07/10/2024 23:58:34,07/10/2024 19:58:34,7,7,,,7,7,,,64,72,72,72,72,0,419,,,0,,,,,23.57,,0,,,,,,,,,,,,,,,,,0.000,,,0,0,73.4,,59,,0,0
07/11/2024 00:13:34,07/10/2024 20:13:34,7,7,,,7,7,,,62,70,70,70,70,0,426,,,0,,,,,23.57,,0,,,,,,,,,,,,,,,,,0.000,,,0,0,73.4,,59,,0,0
07/11/2024 00:28:34,07/10/2024 20:28:34,7,7,,,7,7,,,60,68,68,68,68,0,420,,,0,,,,,23.57,,0,,,,,,,,,,,,,,,,,0.000,,,0,0,73.4,,59,,0,0
07/11/2024 00:43:34,07/10/2024 20:43:34,6,7,,,7,7,,,59,66,67,67,67,0,434,,,0,,,,,23.57,,0,,,,,,,,,,,,,,,,,0.000,,,0,0,73.4,,59,,0,0
07/11/2024 00:58:34,07/10/2024 20:58:34,6,7,,,7,7,,,56,63,63,63,63,0,442,,,0,,,,,23.57,,0,,,,,,,,,,,,,,,,,0.000,,,0,0,73.2,,59,,0,0
07/11/2024 01:13:34,07/10/2024 21:13:34,6,6,,,6,6,,,55,62,63,63,63,0,442,,,0,,,,,23.57,,0,,,,,,,,,,,,,,,,,0.000,,,0,0,73.2,,59,,0,0
07/11/2024 01:28:34,07/10/2024 21:28:34,6,6,,,6,6,,,55,62,62,62,62,0,443,,,0,,,,,23.57,,0,,,,,,,,,,,,,,,,,0.000,,,0,0,73.2,,59,,0,0
07/11/2024 01:43:34,07/10/2024 21:43:34,6,6,,,6,6,,,55,62,62,62,62,0,447,,,0,,,,,23.57,,0,,,,,,,,,,,,,,,,,0.000,,,0,0,73.4,,59,,0,0
07/11/2024 01:58:34,07/10/2024 21:58:34,6,6,,,6,6,,,55,62,62,62,62,0,446,,,0,,,,,23.57,,0,,,,,,,,,,,,,,,,,0.001,,,0,0,73.2,,59,,0,0
07/11/2024 02:13:34,07/10/2024 22:13:34,6,6,,,6,6,,,51,58,58,58,58,0,451,,,0,,,,,23.57,,0,,,,,,,,,,,,,,,,,0.001,,,0,0,73.0,,59,,0,0
07/11/2024 02:28:34,07/10/2024 22:28:34,6,6,,,6,6,,,53,60,60,60,60,0,449,,,0,,,,,23.57,,0,,,,,,,,,,,,,,,,,0.000,,,0,0,72.9,,59,,0,0
07/11/2024 02:43:34,07/10/2024 22:43:34,6,6,,,6,6,,,53,60,60,60,60,0,453,,,0,,,,,23.57,,0,,,,,,,,,,,,,,,,,0.000,,,0,0,72.9,,59,,0,0
07/11/2024 02:58:34,07/10/2024 22:58:34,6,6,,,6,6,,,53,60,60,60,60,0,446,,,0,,,,,23.57,,0,,,,,,,,,,,,,,,,,0.000,,,0,0,72.7,,59,,0,0
07/11/2024 03:13:34,07/10/2024 23:13:34,6,7,,,7,7,,,57,64,64,64,64,0,452,,,0,,,,,23.57,,0,,,,,,,,,,,,,,,,,0.000,,,0,0,72.7,,59,,0,0
07/11/2024 03:28:34,07/10/2024 23:28:34,6,7,,,7,7,,,59,66,66,66,66,0,449,,,0,,,,,23.58,,0,,,,,,,,,,,,,,,,,0.000,,,0,0,72.5,,59,,0,0
07/11/2024 03:43:34,07/10/2024 23:43:34,7,7,,,7,7,,,60,68,68,68,68,0,456,,,0,,,,,23.58,,0,,,,,,,,,,,,,,,,,0.000,,,0,0,72.5,,59,,0,0
07/11/2024 03:58:34,07/10/2024 23:58:34,7,7,,,7,7,,,63,71,71,71,71,0,463,,,0,,,,,23.58,,0,,,,,,,,,,,,,,,,,0.000,,,0,0,72.3,,59,,0,0
07/11/2024 04:13:34,07/11/2024 00:13:34,7,8,,,8,8,,,66,74,74,74,74,0,464,,,0,,,,,23.59,,0,,,,,,,,,,,,,,,,,0.010,,,5,0,72.3,,59,,0,0
07/11/2024 04:28:34,07/11/2024 00:28:34,8,8,,,8,8,,,71,80,81,81,81,0,459,,,0,,,,,23.60,,0,,,,,,,,,,,,,,,,,0.020,,,11,0,72.5,,59,,0,0
07/11/2024 04:43:34,07/11/2024 00:43:34,9,9,,,9,9,,,79,89,89,89,89,0,473,,,0,,,,,23.60,,0,,,,,,,,,,,,,,,,,0.039,,,21,0,72.5,,59,,0,0
07/11/2024 05:07:28,07/11/2024 01:07:28,10,11,,,11,11,,,92,104,104,104,104,0,481,,,0,,,,,23.61,,0,,,,,,,,,,,,,,,,,0.001,,,0,0,72.9,,59,,0,1
07/11/2024 05:22:28,07/11/2024 01:22:28,10,11,,,11,11,,,93,104,104,105,105,0,485,,,0,,,,,23.62,,0,,,,,,,,,,,,,,,,,0.014,,,6,0,73.2,,58,,0,0
07/11/2024 05:37:28,07/11/2024 01:37:28,10,11,,,11,11,,,92,103,103,103,103,0,484,,,0,,,,,23.62,,0,,,,,,,,,,,,,,,,,0.015,,,8,0,73.6,,58,,0,0
07/11/2024 05:52:28,07/11/2024 01:52:28,10,11,,,11,11,,,90,102,102,102,102,0,482,,,0,,,,,23.62,,0,,,,,,,,,,,,,,,,,0.011,,,5,0,73.6,,57,,0,0
07/11/2024 06:07:28,07/11/2024 02:07:28,10,10,,,10,10,,,87,98,98,98,98,0,498,,,0,,,,,23.62,,0,,,,,,,,,,,,,,,,,0.021,,,11,0,73.8,,57,,0,4
07/11/2024 06:22:28,07/11/2024 02:22:28,9,10,,,10,10,,,86,97,97,97,97,0,495,,,0,,,,,23.62,,0,,,,,,,,,,,,,,,,,0.031,,,17,0,73.8,,58,,0,0
07/11/2024 06:37:28,07/11/2024 02:37:28,9,10,,,10,10,,,85,96,96,96,96,0,487,,,0,,,,,23.62,,0,,,,,,,,,,,,,,,,,0.031,,,17,0,73.9,,58,,0,4
07/11/2024 06:52:28,07/11/2024 02:52:28,9,10,,,10,10,,,83,94,94,94,94,0,493,,,0,,,,,23.62,,0,,,,,,,,,,,,,,,,,0.028,,,15,0,73.9,,58,,0,4
07/11/2024 07:13:29,07/11/2024 03:13:29,9,9,,,9,9,,,80,90,90,90,90,0,517,,,0,,,,,23.62,,0,,,,,,,,,,,,,,,,,0.000,,,0,0,74.3,,57,,0,1
07/11/2024 07:28:29,07/11/2024 03:28:29,9,9,,,9,9,,,79,89,89,89,89,0,521,,,0,,,,,23.62,,0,,,,,,,,,,,,,,,,,0.000,,,0,0,74.3,,57,,0,0
07/11/2024 07:43:29,07/11/2024 03:43:29,9,9,,,9,9,,,77,87,87,87,87,0,532,,,0,,,,,23.62,,0,,,,,,,,,,,,,,,,,0.000,,,0,0,74.3,,57,,0,0
07/11/2024 07:58:29,07/11/2024 03:58:29,9,10,,,10,10,,,84,95,95,95,95,0,692,,,0,,,,,23.62,,0,,,,,,,,,,,,,,,,,0.017,,,9,0,74.7,,58,,0,0
07/11/2024 08:13:29,07/11/2024 04:13:29,10,10,,,10,10,,,89,100,101,101,101,0,721,,,0,,,,,23.62,,0,,,,,,,,,,,,,,,,,0.033,,,17,0,74.8,,57,,0,0
07/11/2024 08:28:29,07/11/2024 04:28:29,10,11,,,11,11,,,92,104,104,104,104,0,684,,,0,,,,,23.61,,0,,,,,,,,,,,,,,,,,0.051,,,27,0,74.7,,58,,0,0
07/11/2024 08:43:29,07/11/2024 04:43:29,10,11,,,11,11,,,93,105,105,105,105,0,684,,,0,,,,,23.61,,0,,,,,,,,,,,,,,,,,0.157,,,84,0,74.8,,58,,0,0
07/11/2024 08:58:29,07/11/2024 04:58:29,10,11,,,11,11,,,92,104,104,104,104,0,733,,,0,,,,,23.61,,0,,,,,,,,,,,,,,,,,0.250,,,133,0,74.8,,58,,0,0
07/11/2024 09:13:29,07/11/2024 05:13:29,10,11,,,11,11,,,92,103,104,104,104,0,763,,,0,,,,,23.61,,0,,,,,,,,,,,,,,,,,0.231,,,123,0,75.0,,58,,0,0
07/11/2024 09:28:29,07/11/2024 05:28:29,10,11,,,11,11,,,94,106,106,106,107,0,751,,,0,,,,,23.60,,0,,,,,,,,,,,,,,,,,0.211,,,112,0,75.0,,58,,0,0
07/11/2024 09:43:29,07/11/2024 05:43:29,10,11,,,11,11,,,94,106,106,106,106,0,767,,,0,,,,,23.60,,0,,,,,,,,,,,,,,,,,0.230,,,123,0,75.0,,58,,0,0
07/11/2024 09:58:29,07/11/2024 05:58:29,10,11,,,11,11,,,93,105,105,105,105,0,768,,,0,,,,,23.59,,0,,,,,,,,,,,,,,,,,0.259,,,138,0,75.2,,58,,0,0
07/11/2024 10:13:29,07/11/2024 06:13:29,11,12,,,12,12,,,102,115,115,115,115,0,710,,,0,,,,,23.59,,0,,,,,,,,,,,,,,,,,0.425,,,226,0,75.2,,59,,0,0
07/11/2024 10:28:29,07/11/2024 06:28:29,12,13,,,13,13,,,107,121,121,121,121,0,647,,,0,,,,,23.59,,0,,,,,,,,,,,,,,,,,0.440,,,234,0,75.2,,61,,0,0
07/11/2024 10:43:29,07/11/2024 06:43:29,11,12,,,12,12,,,99,111,111,112,112,0,603,,,0,,,,,23.59,,0,,,,,,,,,,,,,,,,,0.393,,,209,0,75.0,,61,,0,0
07/11/2024 10:58:29,07/11/2024 06:58:29,8,9,,,9,9,,,74,84,84,84,84,0,550,,,0,,,,,23.58,,0,,,,,,,,,,,,,,,,,0.140,,,74,0,74.7,,60,,0,0
07/11/2024 11:13:29,07/11/2024 07:13:29,8,8,,,8,8,,,68,77,77,77,77,0,590,,,0,,,,,23.58,,0,,,,,,,,,,,,,,,,,0.256,,,136,0,74.7,,60,,0,0
07/11/2024 11:28:29,07/11/2024 07:28:29,7,7,,,7,7,,,59,66,66,66,66,0,597,,,0,,,,,23.57,,0,,,,,,,,,,,,,,,,,0.267,,,142,0,75.0,,60,,0,0
07/11/2024 11:43:29,07/11/2024 07:43:29,6,7,,,7,7,,,57,64,64,64,64,0,603,,,0,,,,,23.57,,0,,,,,,,,,,,,,,,,,0.301,,,160,0,75.2,,60,,0,0
07/11/2024 11:58:29,07/11/2024 07:58:29,6,7,,,7,7,,,57,64,65,65,65,0,624,,,0,,,,,23.56,,0,,,,,,,,,,,,,,,,,0.241,,,128,0,75.2,,59,,0,0
07/11/2024 12:13:29,07/11/2024 08:13:29,7,7,,,7,7,,,61,68,69,69,69,0,580,,,0,,,,,23.57,,0,,,,,,,,,,,,,,,,,0.153,,,82,0,75.4,,59,,0,0
07/11/2024 12:28:29,07/11/2024 08:28:29,7,7,,,7,7,,,59,66,66,66,66,0,565,,,0,,,,,23.57,,0,,,,,,,,,,,,,,,,,0.098,,,52,0,75.4,,59,,0,0
07/11/2024 12:43:29,07/11/2024 08:43:29,6,7,,,7,7,,,57,64,64,64,64,0,567,,,0,,,,,23.57,,0,,,,,,,,,,,,,,,,,0.078,,,41,0,75.6,,59,,0,0
07/11/2024 12:58:29,07/11/2024 08:58:29,6,6,,,6,6,,,54,61,61,61,61,0,541,,,0,,,,,23.56,,0,,,,,,,,,,,,,,,,,0.047,,,25,0,75.7,,58,,0,0
07/11/2024 13:13:29,07/11/2024 09:13:29,6,7,,,7,7,,,55,62,63,63,63,0,504,,,0,,,,,23.56,,0,,,,,,,,,,,,,,,,,0.028,,,15,0,75.6,,59,,0,0
07/11/2024 13:28:29,07/11/2024 09:28:29,7,7,,,7,7,,,59,67,67,67,67,0,495,,,0,,,,,23.56,,0,,,,,,,,,,,,,,,,,0.043,,,23,0,75.7,,59,,0,0
07/11/2024 13:43:29,07/11/2024 09:43:29,6,7,,,7,7,,,57,64,64,64,64,0,466,,,0,,,,,23.56,,0,,,,,,,,,,,,,,,,,0.022,,,12,0,75.9,,58,,0,0
07/11/2024 13:58:29,07/11/2024 09:58:29,6,6,,,6,6,,,53,60,60,60,60,0,448,,,0,,,,,23.57,,0,,,,,,,,,,,,,,,,,0.001,,,0,0,75.9,,58,,0,0
07/11/2024 14:13:29,07/11/2024 10:13:29,6,6,,,6,6,,,54,61,61,61,61,0,462,,,0,,,,,23.57,,0,,,,,,,,,,,,,,,,,0.021,,,11,0,75.9,,58,,0,0
07/11/2024 14:28:29,07/11/2024 10:28:29,6,6,,,6,6,,,52,59,59,59,59,0,475,,,0,,,,,23.58,,0,,,,,,,,,,,,,,,,,0.015,,,8,0,75.6,,58,,0,0
07/11/2024 14:43:29,07/11/2024 10:43:29,5,5,,,5,5,,,45,51,51,51,51,0,471,,,0,,,,,23.58,,0,,,,,,,,,,,,,,,,,0.002,,,1,0,75.4,,57,,0,0
07/11/2024 14:58:29,07/11/2024 10:58:29,4,4,,,4,4,,,38,43,43,43,43,0,458,,,0,,,,,23.58,,0,,,,,,,,,,,,,,,,,0.005,,,2,0,75.2,,57,,0,0
07/11/2024 15:13:29,07/11/2024 11:13:29,5,5,,,5,5,,,43,48,48,48,48,0,453,,,0,,,,,23.59,,0,,,,,,,,,,,,,,,,,0.018,,,9,0,74.8,,57,,0,0
07/11/2024 15:28:29,07/11/2024 11:28:29,5,6,,,6,6,,,47,53,53,53,53,0,441,,,0,,,,,23.59,,0,,,,,,,,,,,,,,,,,0.066,,,35,0,74.5,,58,,0,0
07/11/2024 15:43:29,07/11/2024 11:43:29,6,6,,,6,6,,,53,59,60,60,60,0,415,,,0,,,,,23.59,,0,,,,,,,,,,,,,,,,,0.094,,,50,0,74.3,,58,,0,0
07/11/2024 15:58:29,07/11/2024 11:58:29,6,7,,,7,7,,,57,65,65,65,65,0,415,,,0,,,,,23.59,,0,,,,,,,,,,,,,,,,,0.093,,,50,0,74.1,,59,,0,0
07/11/2024 16:13:29,07/11/2024 12:13:29,6,6,,,6,6,,,56,63,63,63,63,0,419,,,0,,,,,23.59,,0,,,,,,,,,,,,,,,,,0.058,,,31,0,73.8,,59,,0,0
07/11/2024 16:28:29,07/11/2024 12:28:29,6,7,,,7,7,,,58,65,65,65,65,0,411,,,0,,,,,23.59,,0,,,,,,,,,,,,,,,,,0.040,,,21,0,73.6,,59,,0,0
07/11/2024 16:43:29,07/11/2024 12:43:29,6,6,,,6,6,,,56,63,63,63,63,0,411,,,0,,,,,23.60,,0,,,,,,,,,,,,,,,,,0.018,,,9,0,73.4,,59,,0,0
07/11/2024 16:58:29,07/11/2024 12:58:29,7,7,,,7,7,,,61,69,69,69,69,0,417,,,0,,,,,23.60,,0,,,,,,,,,,,,,,,,,0.023,,,12,0,73.2,,59,,0,0
07/11/2024 17:13:29,07/11/2024 13:13:29,7,8,,,8,8,,,67,75,75,75,75,0,414,,,0,,,,,23.60,,0,,,,,,,,,,,,,,,,,0.018,,,10,0,73.2,,59,,0,0
07/11/2024 17:28:29,07/11/2024 13:28:29,8,9,,,9,9,,,76,86,86,86,86,0,418,,,0,,,,,23.60,,0,,,,,,,,,,,,,,,,,0.045,,,24,0,73.2,,58,,0,0
07/11/2024 17:43:29,07/11/2024 13:43:29,10,11,,,11,11,,,91,102,103,103,103,0,427,,,0,,,,,23.61,,0,,,,,,,,,,,,,,,,,0.099,,,53,0,73.0,,59,,0,0
07/11/2024 17:58:29,07/11/2024 13:58:29,10,10,,,10,10,,,89,101,101,101,101,0,426,,,0,,,,,23.61,,0,,,,,,,,,,,,,,,,,0.142,,,76,0,72.9,,59,,0,0
07/11/2024 18:13:29,07/11/2024 14:13:29,10,11,,,11,11,,,91,102,102,102,102,0,424,,,0,,,,,23.62,,0,,,,,,,,,,,,,,,,,0.157,,,83,0,72.9,,59,,0,0
07/11/2024 18:28:29,07/11/2024 14:28:29,13,13,,,13,13,,,114,128,129,129,129,0,443,,,0,,,,,23.62,,0,,,,,,,,,,,,,,,,,0.280,,,149,0,72.7,,59,,0,0
07/11/2024 18:43:29,07/11/2024 14:43:29,14,15,,,15,15,,,126,142,142,142,142,0,455,,,0,,,,,23.62,,0,,,,,,,,,,,,,,,,,0.224,,,119,0,72.7,,59,,0,0
07/11/2024 18:58:29,07/11/2024 14:58:29,14,14,,,14,14,,,125,141,141,141,141,0,450,,,0,,,,,23.62,,0,,,,,,,,,,,,,,,,,0.168,,,89,0,72.5,,59,,0,0
07/11/2024 19:13:29,07/11/2024 15:13:29,13,14,,,14,14,,,119,134,134,134,134,0,450,,,0,,,,,23.62,,0,,,,,,,,,,,,,,,,,0.101,,,53,0,72.5,,58,,0,0
07/11/2024 19:28:29,07/11/2024 15:28:29,13,13,,,13,13,,,115,130,130,130,130,0,459,,,0,,,,,23.62,,0,,,,,,,,,,,,,,,,,0.069,,,37,0,72.3,,58,,0,0
07/11/2024 19:43:29,07/11/2024 15:43:29,13,14,,,14,14,,,119,134,135,135,135,0,475,,,0,,,,,23.62,,0,,,,,,,,,,,,,,,,,0.081,,,43,0,72.1,,58,,0,0
07/11/2024 19:58:29,07/11/2024 15:58:29,15,16,,,16,16,,,136,153,154,154,154,0,477,,,0,,,,,23.62,,0,,,,,,,,,,,,,,,,,0.155,,,82,0,72.0,,58,,0,0
07/11/2024 20:13:29,07/11/2024 16:13:29,14,15,,,15,15,,,131,148,148,148,149,0,484,,,0,,,,,23.62,,0,,,,,,,,,,,,,,,,,0.132,,,70,0,72.0,,58,,0,0
07/11/2024 20:28:29,07/11/2024 16:28:29,14,15,,,15,15,,,132,149,149,149,149,0,487,,,0,,,,,23.61,,0,,,,,,,,,,,,,,,,,0.082,,,44,0,71.8,,58,,0,0
07/11/2024 20:43:29,07/11/2024 16:43:29,15,16,,,16,16,,,136,153,153,153,153,0,491,,,0,,,,,23.61,,0,,,,,,,,,,,,,,,,,0.057,,,30,0,71.6,,58,,0,0
07/11/2024 20:58:29,07/11/2024 16:58:29,15,15,,,15,15,,,134,151,151,151,151,0,495,,,0,,,,,23.60,,0,,,,,,,,,,,,,,,,,0.025,,,13,0,71.6,,58,,0,0
07/11/2024 21:13:29,07/11/2024 17:13:29,14,15,,,15,15,,,133,149,150,150,150,0,490,,,0,,,,,23.60,,0,,,,,,,,,,,,,,,,,0.022,,,12,0,71.4,,58,,0,0
07/11/2024 21:28:29,07/11/2024 17:28:29,16,16,,,16,16,,,143,161,161,161,161,0,491,,,0,,,,,23.60,,0,,,,,,,,,,,,,,,,,0.026,,,14,0,71.2,,58,,0,0
07/11/2024 21:43:29,07/11/2024 17:43:29,16,17,,,17,17,,,145,164,164,164,164,0,493,,,0,,,,,23.60,,0,,,,,,,,,,,,,,,,,0.023,,,12,0,71.2,,58,,0,0
07/11/2024 21:58:29,07/11/2024 17:58:29,17,18,,,18,18,,,154,173,174,174,174,0,492,,,0,,,,,23.60,,0,,,,,,,,,,,,,,,,,0.023,,,12,0,71.1,,58,,0,0
07/11/2024 22:13:29,07/11/2024 18:13:29,17,18,,,18,18,,,152,171,172,172,172,0,498,,,0,,,,,23.60,,0,,,,,,,,,,,,,,,,,0.025,,,13,0,71.1,,58,,0,0
07/11/2024 22:28:29,07/11/2024 18:28:29,15,16,,,16,16,,,141,159,159,159,159,0,503,,,0,,,,,23.60,,0,,,,,,,,,,,,,,,,,0.018,,,10,0,71.1,,58,,0,0
07/11/2024 22:43:29,07/11/2024 18:43:29,14,15,,,15,15,,,130,146,146,146,146,0,502,,,0,,,,,23.59,,0,,,,,,,,,,,,,,,,,0.011,,,5,0,71.1,,58,,0,0
07/11/2024 22:58:29,07/11/2024 18:58:29,13,14,,,14,14,,,124,139,140,140,140,0,502,,,0,,,,,23.59,,0,,,,,,,,,,,,,,,,,0.004,,,2,0,71.1,,58,,0,0
07/11/2024 23:13:29,07/11/2024 19:13:29,14,15,,,15,15,,,127,143,143,143,144,0,518,,,0,,,,,23.58,,0,,,,,,,,,,,,,,,,,0.000,,,0,0,70.9,,58,,0,0
07/11/2024 23:28:29,07/11/2024 19:28:29,14,15,,,15,15,,,127,143,143,143,143,0,526,,,0,,,,,23.58,,0,,,,,,,,,,,,,,,,,0.000,,,0,0,70.9,,58,,0,0
07/11/2024 23:43:29,07/11/2024 19:43:29,14,14,,,14,14,,,125,141,141,141,141,0,521,,,0,,,,,23.58,,0,,,,,,,,,,,,,,,,,0.000,,,0,0,70.7,,58,,0,0
07/11/2024 23:58:29,07/11/2024 19:58:29,13,14,,,14,14,,,121,136,137,137,137,0,522,,,0,,,,,23.58,,0,,,,,,,,,,,,,,,,,0.001,,,0,0,70.7,,58,,0,0
07/12/2024 00:13:29,07/11/2024 20:13:29,13,14,,,14,14,,,120,136,136,136,136,0,530,,,0,,,,,23.58,,0,,,,,,,,,,,,,,,,,0.005,,,1,0,70.7,,58,,0,0
07/12/2024 00:28:29,07/11/2024 20:28:29,13,14,,,14,14,,,120,135,136,136,136,0,540,,,0,,,,,23.58,,0,,,,,,,,,,,,,,,,,0.001,,,0,0,70.7,,58,,0,0
07/12/2024 00:43:29,07/11/2024 20:43:29,13,14,,,14,14,,,121,136,136,136,136,0,538,,,0,,,,,23.58,,0,,,,,,,,,,,,,,,,,0.009,,,5,0,70.5,,58,,0,0
07/12/2024 00:58:29,07/11/2024 20:58:29,13,14,,,14,14,,,120,135,135,135,135,0,539,,,0,,,,,23.58,,0,,,,,,,,,,,,,,,,,0.015,,,6,0,70.5,,59,,0,0
07/12/2024 01:13:29,07/11/2024 21:13:29,13,14,,,14,14,,,119,134,135,135,135,0,545,,,0,,,,,23.58,,0,,,,,,,,,,,,,,,,,0.026,,,14,0,70.5,,59,,0,0
07/12/2024 01:28:29,07/11/2024 21:28:29,13,14,,,14,14,,,121,136,136,136,136,0,548,,,0,,,,,23.59,,0,,,,,,,,,,,,,,,,,0.025,,,13,0,70.5,,59,,0,0
07/12/2024 01:43:29,07/11/2024 21:43:29,13,14,,,14,14,,,119,134,134,135,135,0,548,,,0,,,,,23.59,,0,,,,,,,,,,,,,,,,,0.026,,,14,0,70.5,,60,,0,0
07/12/2024 01:58:29,07/11/2024 21:58:29,12,13,,,13,13,,,115,129,129,129,129,0,552,,,0,,,,,23.59,,0,,,,,,,,,,,,,,,,,0.026,,,14,0,70.5,,60,,0,0
07/12/2024 02:13:29,07/11/2024 22:13:29,12,13,,,13,13,,,114,128,129,129,129,0,547,,,0,,,,,23.59,,0,,,,,,,,,,,,,,,,,0.032,,,17,0,70.5,,60,,0,0
07/12/2024 02:28:29,07/11/2024 22:28:29,12,13,,,13,13,,,114,129,129,129,129,0,559,,,0,,,,,23.60,,0,,,,,,,,,,,,,,,,,0.050,,,27,0,70.5,,60,,0,0
07/12/2024 02:43:29,07/11/2024 22:43:29,13,14,,,14,14,,,122,137,138,138,138,0,571,,,0,,,,,23.60,,0,,,,,,,,,,,,,,,,,0.061,,,33,0,70.3,,60,,0,0
07/12/2024 02:58:29,07/11/2024 22:58:29,14,15,,,15,15,,,129,145,145,145,145,0,575,,,0,,,,,23.60,,0,,,,,,,,,,,,,,,,,0.049,,,26,0,70.3,,60,,0,0
07/12/2024 03:13:29,07/11/2024 23:13:29,13,14,,,14,14,,,120,135,135,135,135,0,581,,,0,,,,,23.60,,0,,,,,,,,,,,,,,,,,0.040,,,21,0,70.2,,60,,0,0
07/12/2024 03:28:29,07/11/2024 23:28:29,16,17,,,17,17,,,148,167,167,167,167,0,588,,,0,,,,,23.60,,0,,,,,,,,,,,,,,,,,0.054,,,29,0,70.2,,59,,0,0
07/12/2024 03:43:29,07/11/2024 23:43:29,23,25,,,25,25,,,215,242,242,242,242,0,590,,,0,,,,,23.61,,0,,,,,,,,,,,,,,,,,0.294,,,156,0,70.0,,59,,0,0
07/12/2024 03:58:29,07/11/2024 23:58:29,26,27,,,27,27,,,237,267,268,268,268,0,600,,,0,,,,,23.61,,0,,,,,,,,,,,,,,,,,0.686,,,365,0,70.0,,59,,0,0
07/12/2024 04:13:29,07/12/2024 00:13:29,22,24,,,24,24,,,207,234,234,234,234,0,596,,,0,,,,,23.61,,0,,,,,,,,,,,,,,,,,0.632,,,336,0,70.0,,59,,0,0
07/12/2024 04:28:29,07/12/2024 00:28:29,26,27,,,27,27,,,237,267,268,268,268,0,594,,,0,,,,,23.61,,0,,,,,,,,,,,,,,,,,0.688,,,366,0,70.0,,59,,0,0
07/12/2024 04:43:29,07/12/2024 00:43:29,27,29,,,29,29,,,253,285,285,285,285,0,600,,,0,,,,,23.62,,0,,,,,,,,,,,,,,,,,0.760,,,405,0,70.0,,60,,0,0
07/12/2024 04:58:29,07/12/2024 00:58:29,28,30,,,30,30,,,261,294,295,295,295,0,582,,,0,,,,,23.62,,0,,,,,,,,,,,,,,,,,0.849,,,452,0,70.3,,60,,0,0
07/12/2024 05:13:29,07/12/2024 01:13:29,28,30,,,30,30,,,262,295,295,296,296,0,579,,,0,,,,,23.63,,0,,,,,,,,,,,,,,,,,0.822,,,437,0,70.5,,61,,0,0
07/12/2024 05:28:29,07/12/2024 01:28:29,25,27,,,27,27,,,234,264,264,264,264,0,564,,,0,,,,,23.63,,0,,,,,,,,,,,,,,,,,0.765,,,407,0,70.7,,61,,0,0
07/12/2024 05:43:29,07/12/2024 01:43:29,22,23,,,23,23,,,201,226,227,227,227,0,547,,,0,,,,,23.63,,0,,,,,,,,,,,,,,,,,0.692,,,368,0,71.1,,60,,0,0
07/12/2024 05:58:29,07/12/2024 01:58:29,17,18,,,18,18,,,155,175,175,175,175,0,530,,,0,,,,,23.64,,0,,,,,,,,,,,,,,,,,0.485,,,258,0,71.4,,60,,0,0
07/12/2024 06:13:29,07/12/2024 02:13:29,15,15,,,15,15,,,134,151,151,151,151,0,512,,,0,,,,,23.64,,0,,,,,,,,,,,,,,,,,0.345,,,184,0,71.6,,59,,0,0
07/12/2024 06:28:29,07/12/2024 02:28:29,12,13,,,13,13,,,112,127,127,127,127,0,491,,,0,,,,,23.64,,0,,,,,,,,,,,,,,,,,0.305,,,162,0,71.8,,59,,0,0
07/12/2024 06:43:29,07/12/2024 02:43:29,11,12,,,12,12,,,100,112,113,113,113,0,473,,,0,,,,,23.64,,0,,,,,,,,,,,,,,,,,0.267,,,142,0,72.1,,59,,0,0
07/12/2024 06:58:29,07/12/2024 02:58:29,10,11,,,11,11,,,91,103,103,103,103,0,458,,,0,,,,,23.63,,0,,,,,,,,,,,,,,,,,0.159,,,84,0,72.5,,58,,0,0
07/12/2024 07:13:29,07/12/2024 03:13:29,9,10,,,10,10,,,83,93,94,94,94,0,449,,,0,,,,,23.63,,0,,,,,,,,,,,,,,,,,0.075,,,40,0,72.7,,58,,0,0
07/12/2024 07:28:29,07/12/2024 03:28:29,9,9,,,9,9,,,79,89,89,89,89,0,442,,,0,,,,,23.63,,0,,,,,,,,,,,,,,,,,0.039,,,21,0,72.9,,58,,0,0
07/12/2024 07:43:29,07/12/2024 03:43:29,8,9,,,9,9,,,76,85,85,85,85,0,444,,,0,,,,,23.63,,0,,,,,,,,,,,,,,,,,0.058,,,31,0,73.0,,57,,0,0
07/12/2024 07:58:29,07/12/2024 03:58:29,8,9,,,9,9,,,75,84,84,84,84,0,447,,,0,,,,,23.62,,0,,,,,,,,,,,,,,,,,0.123,,,65,0,73.4,,57,,0,0
07/12/2024 08:13:29,07/12/2024 04:13:29,8,9,,,9,9,,,76,85,86,86,86,0,455,,,0,,,,,23.62,,0,,,,,,,,,,,,,,,,,0.115,,,61,0,73.6,,57,,0,0
07/12/2024 08:28:29,07/12/2024 04:28:29,8,8,,,8,8,,,72,81,81,81,81,0,471,,,0,,,,,23.62,,0,,,,,,,,,,,,,,,,,0.089,,,47,0,73.9,,56,,0,0
07/12/2024 08:43:28,07/12/2024 04:43:28,8,8,,,8,8,,,71,80,80,80,80,0,570,,,0,,,,,23.62,,0,,,,,,,,,,,,,,,,,0.073,,,39,0,74.1,,56,,0,0
07/12/2024 08:58:28,07/12/2024 04:58:28,7,8,,,8,8,,,67,76,76,76,76,0,646,,,0,,,,,23.61,,0,,,,,,,,,,,,,,,,,0.077,,,41,0,74.3,,56,,0,0
07/12/2024 09:13:28,07/12/2024 05:13:28,7,8,,,8,8,,,66,75,75,75,75,0,672,,,0,,,,,23.61,,0,,,,,,,,,,,,,,,,,0.078,,,42,0,74.7,,55,,0,0
07/12/2024 09:28:28,07/12/2024 05:28:28,7,8,,,8,8,,,65,74,74,74,74,0,680,,,0,,,,,23.61,,0,,,,,,,,,,,,,,,,,0.071,,,38,0,74.8,,55,,0,0
07/12/2024 09:43:28,07/12/2024 05:43:28,7,7,,,7,7,,,64,72,72,72,72,0,701,,,0,,,,,23.61,,0,,,,,,,,,,,,,,,,,0.089,,,48,0,74.8,,55,,0,0
07/12/2024 09:58:28,07/12/2024 05:58:28,7,7,,,7,7,,,63,71,71,71,71,0,686,,,0,,,,,23.60,,0,,,,,,,,,,,,,,,,,0.092,,,49,0,75.0,,54,,0,0
07/12/2024 10:13:28,07/12/2024 06:13:28,7,8,,,8,8,,,66,74,74,74,74,0,700,,,0,,,,,23.59,,0,,,,,,,,,,,,,,,,,0.081,,,43,0,75.2,,54,,0,0
07/12/2024 10:28:28,07/12/2024 06:28:28,8,8,,,8,8,,,69,78,78,78,78,0,642,,,0,,,,,23.59,,0,,,,,,,,,,,,,,,,,0.044,,,23,0,75.6,,54,,0,0
07/12/2024 10:43:28,07/12/2024 06:43:28,8,8,,,8,8,,,72,81,81,81,81,0,684,,,0,,,,,23.58,,0,,,,,,,,,,,,,,,,,0.064,,,34,0,75.6,,54,,0,0
07/12/2024 10:58:28,07/12/2024 06:58:28,10,11,,,11,11,,,91,103,104,104,104,0,599,,,0,,,,,23.58,,0,,,,,,,,,,,,,,,,,0.019,,,10,0,76.1,,53,,0,0
07/12/2024 11:13:28,07/12/2024 07:13:28,10,11,,,11,11,,,91,103,103,103,103,0,506,,,0,,,,,23.57,,0,,,,,,,,,,,,,,,,,0.000,,,0,0,76.1,,51,,0,0
07/12/2024 11:28:28,07/12/2024 07:28:28,9,9,,,9,9,,,77,87,87,87,87,0,536,,,0,,,,,23.57,,0,,,,,,,,,,,,,,,,,0.007,,,3,0,76.5,,51,,0,0
07/12/2024 11:43:28,07/12/2024 07:43:28,8,8,,,8,8,,,70,79,79,79,79,0,637,,,0,,,,,23.56,,0,,,,,,,,,,,,,,,,,0.026,,,14,0,76.8,,51,,0,0
07/12/2024 11:58:28,07/12/2024 07:58:28,7,7,,,7,7,,,60,68,68,68,68,0,734,,,0,,,,,23.56,,0,,,,,,,,,,,,,,,,,0.031,,,16,0,77.0,,50,,0,0
07/12/2024 12:13:28,07/12/2024 08:13:28,6,7,,,7,7,,,57,64,64,64,64,0,748,,,0,,,,,23.56,,0,,,,,,,,,,,,,,,,,0.016,,,8,0,77.2,,50,,0,0
07/12/2024 12:28:28,07/12/2024 08:28:28,6,6,,,6,6,,,54,61,61,61,61,0,746,,,0,,,,,23.56,,0,,,,,,,,,,,,,,,,,0.010,,,4,0,77.5,,49,,0,0
07/12/2024 12:43:28,07/12/2024 08:43:28,6,6,,,6,6,,,51,57,57,57,57,0,722,,,0,,,,,23.56,,0,,,,,,,,,,,,,,,,,0.000,,,0,0,77.5,,48,,0,0
07/12/2024 12:58:28,07/12/2024 08:58:28,6,6,,,6,6,,,55,61,62,62,62,0,630,,,0,,,,,23.56,,0,,,,,,,,,,,,,,,,,0.000,,,0,0,77.9,,48,,0,0
07/12/2024 13:13:28,07/12/2024 09:13:28,7,7,,,7,7,,,61,69,69,69,69,0,517,,,0,,,,,23.57,,0,,,,,,,,,,,,,,,,,0.006,,,3,0,77.9,,48,,0,0
07/12/2024 13:28:28,07/12/2024 09:28:28,8,8,,,8,8,,,68,76,76,76,76,0,487,,,0,,,,,23.58,,0,,,,,,,,,,,,,,,,,0.173,,,92,0,77.7,,51,,0,0
07/12/2024 13:43:28,07/12/2024 09:43:28,8,8,,,8,8,,,67,76,76,76,76,0,493,,,0,,,,,23.58,,0,,,,,,,,,,,,,,,,,0.556,,,296,0,77.4,,53,,0,0
07/12/2024 13:58:28,07/12/2024 09:58:28,7,8,,,8,8,,,64,73,73,73,73,0,499,,,0,,,,,23.58,,0,,,,,,,,,,,,,,,,,0.696,,,370,0,77.2,,53,,0,0
07/12/2024 14:13:28,07/12/2024 10:13:28,7,7,,,7,7,,,63,71,71,71,71,0,482,,,0,,,,,23.59,,0,,,,,,,,,,,,,,,,,0.704,,,374,0,77.0,,53,,0,0
07/12/2024 14:28:28,07/12/2024 10:28:28,7,7,,,7,7,,,61,69,69,69,69,0,462,,,0,,,,,23.59,,0,,,,,,,,,,,,,,,,,0.680,,,362,0,77.0,,53,,0,0
07/12/2024 14:43:28,07/12/2024 10:43:28,6,7,,,7,7,,,57,64,64,64,64,0,462,,,0,,,,,23.58,,0,,,,,,,,,,,,,,,,,0.635,,,338,0,76.8,,53,,0,0
07/12/2024 14:58:28,07/12/2024 10:58:28,6,6,,,6,6,,,54,61,61,61,61,0,460,,,0,,,,,23.59,,0,,,,,,,,,,,,,,,,,0.584,,,311,0,76.6,,52,,0,0
07/12/2024 15:13:28,07/12/2024 11:13:28,6,7,,,7,7,,,57,64,64,64,64,0,450,,,0,,,,,23.59,,0,,,,,,,,,,,,,,,,,0.576,,,307,0,76.5,,53,,0,0
07/12/2024 15:28:28,07/12/2024 11:28:28,7,7,,,7,7,,,59,67,67,67,67,0,442,,,0,,,,,23.59,,0,,,,,,,,,,,,,,,,,0.575,,,306,0,76.3,,53,,0,0
07/12/2024 15:43:28,07/12/2024 11:43:28,7,7,,,7,7,,,59,67,67,67,67,0,448,,,0,,,,,23.60,,0,,,,,,,,,,,,,,,,,0.574,,,305,0,75.9,,53,,0,0
07/12/2024 15:58:28,07/12/2024 11:58:28,7,7,,,7,7,,,62,70,70,70,70,0,438,,,0,,,,,23.60,,0,,,,,,,,,,,,,,,,,0.588,,,313,0,75.7,,54,,0,0
07/12/2024 16:13:28,07/12/2024 12:13:28,8,8,,,8,8,,,71,80,80,80,80,0,429,,,0,,,,,23.60,,0,,,,,,,,,,,,,,,,,0.607,,,323,0,75.6,,54,,0,0
07/12/2024 16:28:28,07/12/2024 12:28:28,10,11,,,11,11,,,91,102,102,102,102,0,429,,,0,,,,,23.60,,0,,,,,,,,,,,,,,,,,0.644,,,342,0,75.4,,54,,0,0
07/12/2024 16:43:28,07/12/2024 12:43:28,11,12,,,12,12,,,99,111,111,111,111,0,434,,,0,,,,,23.60,,0,,,,,,,,,,,,,,,,,0.672,,,357,0,75.2,,54,,0,0
07/12/2024 16:58:28,07/12/2024 12:58:28,12,13,,,13,13,,,112,126,127,127,127,0,438,,,0,,,,,23.60,,0,,,,,,,,,,,,,,,,,0.702,,,373,0,75.0,,55,,0,0
07/12/2024 17:13:28,07/12/2024 13:13:28,13,14,,,14,14,,,120,135,135,135,135,0,431,,,0,,,,,23.61,,0,,,,,,,,,,,,,,,,,0.728,,,387,0,74.8,,55,,0,0
07/12/2024 17:28:28,07/12/2024 13:28:28,14,15,,,15,15,,,128,144,144,144,144,0,439,,,0,,,,,23.61,,0,,,,,,,,,,,,,,,,,0.745,,,396,0,74.7,,55,,0,0
07/12/2024 17:43:28,07/12/2024 13:43:28,14,15,,,15,15,,,128,144,144,144,144,0,435,,,0,,,,,23.61,,0,,,,,,,,,,,,,,,,,0.754,,,401,0,74.5,,55,,0,0
07/12/2024 17:58:28,07/12/2024 13:58:28,15,16,,,16,16,,,137,155,155,155,155,0,433,,,0,,,,,23.61,,0,,,,,,,,,,,,,,,,,0.765,,,407,0,74.5,,55,,0,0
07/12/2024 18:13:28,07/12/2024 14:13:28,15,16,,,16,16,,,137,154,155,155,155,0,432,,,0,,,,,23.62,,0,,,,,,,,,,,,,,,,,0.768,,,408,0,74.5,,56,,0,0
07/12/2024 18:28:28,07/12/2024 14:28:28,15,16,,,16,16,,,138,155,155,155,155,0,434,,,0,,,,,23.62,,0,,,,,,,,,,,,,,,,,0.760,,,404,0,74.3,,56,,0,0
07/12/2024 18:43:28,07/12/2024 14:43:28,15,16,,,16,16,,,140,158,158,158,158,0,438,,,0,,,,,23.62,,0,,,,,,,,,,,,,,,,,0.762,,,405,0,74.1,,56,,0,0
07/12/2024 18:58:28,07/12/2024 14:58:28,16,17,,,17,17,,,142,160,161,161,161,0,436,,,0,,,,,23.62,,0,,,,,,,,,,,,,,,,,0.760,,,404,0,74.1,,56,,0,0
07/12/2024 19:13:28,07/12/2024 15:13:28,15,16,,,16,16,,,140,157,158,158,158,0,435,,,0,,,,,23.62,,0,,,,,,,,,,,,,,,,,0.759,,,404,0,73.9,,56,,0,0
07/12/2024 19:28:28,07/12/2024 15:28:28,15,16,,,16,16,,,138,155,156,156,156,0,436,,,0,,,,,23.62,,0,,,,,,,,,,,,,,,,,0.756,,,402,0,73.9,,56,,0,0
07/12/2024 19:43:28,07/12/2024 15:43:28,15,16,,,16,16,,,139,156,156,157,157,0,437,,,0,,,,,23.62,,0,,,,,,,,,,,,,,,,,0.761,,,405,0,73.8,,56,,0,0
07/12/2024 19:58:28,07/12/2024 15:58:28,16,17,,,17,17,,,143,161,161,161,161,0,444,,,0,,,,,23.61,,0,,,,,,,,,,,,,,,,,0.767,,,408,0,73.8,,56,,0,0
07/12/2024 20:13:28,07/12/2024 16:13:28,17,18,,,18,18,,,154,174,174,174,174,0,443,,,0,,,,,23.61,,0,,,,,,,,,,,,,,,,,0.777,,,413,0,73.6,,57,,0,0
07/12/2024 20:28:28,07/12/2024 16:28:28,18,19,,,19,19,,,160,180,181,181,181,0,443,,,0,,,,,23.61,,0,,,,,,,,,,,,,,,,,0.785,,,417,0,73.6,,57,,0,0
07/12/2024 20:43:28,07/12/2024 16:43:28,18,19,,,19,19,,,167,188,188,188,188,0,449,,,0,,,,,23.61,,0,,,,,,,,,,,,,,,,,0.791,,,421,0,73.4,,57,,0,0
07/12/2024 20:58:28,07/12/2024 16:58:28,19,20,,,20,20,,,171,193,193,193,194,0,448,,,0,,,,,23.61,,0,,,,,,,,,,,,,,,,,0.797,,,424,0,73.2,,57,,0,0
07/12/2024 21:13:28,07/12/2024 17:13:28,20,21,,,21,21,,,178,201,201,201,201,0,454,,,0,,,,,23.60,,0,,,,,,,,,,,,,,,,,0.800,,,426,0,73.2,,57,,0,0
07/12/2024 21:28:28,07/12/2024 17:28:28,20,22,,,22,22,,,185,209,209,209,209,0,451,,,0,,,,,23.60,,0,,,,,,,,,,,,,,,,,0.799,,,425,0,73.0,,57,,0,0
07/12/2024 21:43:28,07/12/2024 17:43:28,21,22,,,22,22,,,187,210,211,211,211,0,458,,,0,,,,,23.60,,0,,,,,,,,,,,,,,,,,0.793,,,422,0,73.0,,57,,0,0
07/12/2024 21:58:28,07/12/2024 17:58:28,21,22,,,22,22,,,187,211,211,211,211,0,462,,,0,,,,,23.59,,0,,,,,,,,,,,,,,,,,0.787,,,419,0,72.9,,57,,0,0
07/12/2024 22:13:28,07/12/2024 18:13:28,20,21,,,21,21,,,180,203,203,203,203,0,470,,,0,,,,,23.59,,0,,,,,,,,,,,,,,,,,0.780,,,415,0,72.7,,57,,0,0
07/12/2024 22:28:28,07/12/2024 18:28:28,20,21,,,21,21,,,180,202,203,203,203,0,465,,,0,,,,,23.59,,0,,,,,,,,,,,,,,,,,0.764,,,407,0,72.7,,56,,0,0
07/12/2024 22:43:28,07/12/2024 18:43:28,19,20,,,20,20,,,177,199,199,199,199,0,468,,,0,,,,,23.58,,0,,,,,,,,,,,,,,,,,0.744,,,396,0,72.5,,56,,0,0
07/12/2024 22:58:28,07/12/2024 18:58:28,19,20,,,20,20,,,169,191,191,191,191,0,479,,,0,,,,,23.58,,0,,,,,,,,,,,,,,,,,0.714,,,380,0,72.5,,56,,0,0
07/12/2024 23:13:28,07/12/2024 19:13:28,18,19,,,19,19,,,165,186,187,187,187,0,483,,,0,,,,,23.58,,0,,,,,,,,,,,,,,,,,0.676,,,360,0,72.3,,56,,0,0
07/12/2024 23:28:28,07/12/2024 19:28:28,17,18,,,18,18,,,160,180,180,180,180,0,490,,,0,,,,,23.58,,0,,,,,,,,,,,,,,,,,0.626,,,333,0,72.3,,56,,0,0
07/12/2024 23:43:28,07/12/2024 19:43:28,17,18,,,18,18,,,153,172,173,173,173,0,485,,,0,,,,,23.58,,0,,,,,,,,,,,,,,,,,0.577,,,307,0,72.1,,56,,0,0
07/12/2024 23:58:28,07/12/2024 19:58:28,17,18,,,18,18,,,153,172,172,172,172,0,488,,,0,,,,,23.57,,0,,,,,,,,,,,,,,,,,0.521,,,277,0,72.0,,56,,0,0
