Timestamp,Timestamp (Local),PM 1.0,PM 2.5,Applied PM 2.5 Custom Calibration Setting - Multiplication Factor,PM 4.0,PM 10,Applied PM 10 Custom Calibration Setting - Multiplication Factor,NC 0.5,NC 1.0,NC 2.5,NC 4.0,NC 10,PM Sensor Error Status,Temperature,Applied Temperature Custom Calibration Setting - Offset,Relative Humidity,Applied Relative Humidity Custom Calibration Setting - Offset,Temperature/Humidity Sensor Error Status,Device Status
UTC,UTC-04:00,ug/m3,ug/m3,,ug/m3,ug/m3,,#/cm3,#/cm3,#/cm3,#/cm3,#/cm3,,Fahrenheit,Celsius,%,,,
07/22/2024 00:01:41,07/21/2024 20:01:41,15,16,,16,16,,120,142,142,142,142,0,64.2,,79,,0,0
07/22/2024 00:16:41,07/21/2024 20:16:41,15,16,,16,16,,121,142,142,142,142,0,64.2,,78,,0,0
07/22/2024 00:31:41,07/21/2024 20:31:41,15,16,,16,16,,121,143,143,143,143,0,64.0,,79,,0,0
07/22/2024 00:46:41,07/21/2024 20:46:41,16,16,,16,16,,127,150,150,150,150,0,63.9,,79,,0,0
07/22/2024 01:01:41,07/21/2024 21:01:41,20,21,,21,21,,160,188,189,189,189,0,64.0,,79,,0,0
07/22/2024 01:16:41,07/21/2024 21:16:41,19,20,,20,20,,157,184,185,185,185,0,63.9,,79,,0,0
07/22/2024 01:31:41,07/21/2024 21:31:41,18,19,,19,19,,146,172,172,172,172,0,63.9,,79,,0,0
07/22/2024 01:46:41,07/21/2024 21:46:41,18,18,,18,18,,143,168,169,169,169,0,63.9,,80,,0,0
07/22/2024 02:01:41,07/21/2024 22:01:41,18,19,,19,19,,146,171,172,172,172,0,64.0,,80,,0,0
07/22/2024 02:16:41,07/21/2024 22:16:41,18,19,,19,19,,150,176,177,177,177,0,64.0,,79,,0,0
07/22/2024 02:31:41,07/21/2024 22:31:41,19,20,,20,20,,152,179,180,180,180,0,63.9,,80,,0,0
07/22/2024 02:46:41,07/21/2024 22:46:41,18,19,,19,19,,147,173,174,174,174,0,63.9,,80,,0,0
07/22/2024 03:01:41,07/21/2024 23:01:41,19,20,,20,20,,153,180,181,181,181,0,63.9,,79,,0,0
07/22/2024 03:16:41,07/21/2024 23:16:41,21,22,,22,22,,171,202,202,202,202,0,63.7,,80,,0,0
07/22/2024 03:31:41,07/21/2024 23:31:41,22,23,,23,23,,177,208,209,209,209,0,63.7,,80,,0,0
07/22/2024 03:46:41,07/21/2024 23:46:41,21,22,,22,22,,169,199,200,200,200,0,64.0,,79,,0,0
07/22/2024 04:01:41,07/22/2024 00:01:41,19,20,,20,20,,158,186,186,186,186,0,64.2,,79,,0,0
07/22/2024 04:16:41,07/22/2024 00:16:41,22,23,,23,23,,176,207,208,208,208,0,64.6,,79,,0,0
07/22/2024 04:31:41,07/22/2024 00:31:41,24,25,,25,25,,194,229,229,229,229,0,64.8,,78,,0,0
07/22/2024 04:46:41,07/22/2024 00:46:41,24,25,,25,25,,195,229,230,230,230,0,65.1,,78,,0,0
07/22/2024 05:01:41,07/22/2024 01:01:41,23,24,,24,24,,182,214,215,215,215,0,65.8,,78,,0,0
07/22/2024 05:16:41,07/22/2024 01:16:41,24,25,,26,26,,194,228,229,229,229,0,67.1,,76,,0,0
07/22/2024 05:31:41,07/22/2024 01:31:41,24,25,,25,25,,191,225,225,225,225,0,68.0,,75,,0,0
07/22/2024 05:46:41,07/22/2024 01:46:41,20,20,,21,21,,156,183,184,184,184,0,68.4,,74,,0,0
07/22/2024 06:01:41,07/22/2024 02:01:41,20,21,,21,21,,158,187,187,187,187,0,68.4,,74,,0,0
07/22/2024 06:16:41,07/22/2024 02:16:41,19,19,,19,20,,148,174,175,175,175,0,68.2,,74,,0,0
07/22/2024 06:31:41,07/22/2024 02:31:41,18,19,,19,19,,144,170,171,171,171,0,68.5,,74,,0,0
07/22/2024 07:27:47,07/22/2024 03:27:47,18,19,,19,19,,143,168,168,168,168,0,71.2,,71,,0,1
07/22/2024 07:42:47,07/22/2024 03:42:47,19,19,,19,19,,145,170,171,171,171,0,72.7,,68,,0,0
07/22/2024 07:57:47,07/22/2024 03:57:47,24,25,,25,25,,185,218,218,218,218,0,73.0,,67,,0,0
07/22/2024 08:12:47,07/22/2024 04:12:47,23,24,,24,24,,175,206,207,207,207,0,73.8,,66,,0,0
07/22/2024 08:27:47,07/22/2024 04:27:47,22,23,,23,23,,168,198,198,198,198,0,74.7,,65,,0,0
07/22/2024 08:42:47,07/22/2024 04:42:47,22,23,,23,23,,171,201,202,202,202,0,76.1,,62,,0,0
07/22/2024 08:57:47,07/22/2024 04:57:47,22,23,,23,23,,164,194,194,194,194,0,79.9,,60,,0,0
07/22/2024 09:12:47,07/22/2024 05:12:47,20,21,,21,21,,150,176,177,177,177,0,80.2,,57,,0,0
07/22/2024 09:27:47,07/22/2024 05:27:47,16,17,,17,17,,119,140,141,141,141,0,81.5,,55,,0,0
07/22/2024 09:42:47,07/22/2024 05:42:47,19,20,,20,20,,141,166,166,166,166,0,81.1,,56,,0,0
07/22/2024 09:57:47,07/22/2024 05:57:47,25,26,,26,26,,189,222,223,223,223,0,80.2,,59,,0,0
07/22/2024 10:12:47,07/22/2024 06:12:47,27,28,,28,28,,206,242,243,243,243,0,78.3,,61,,0,0
07/22/2024 10:27:47,07/22/2024 06:27:47,14,15,,15,15,,111,130,131,131,131,0,73.4,,63,,0,0
07/22/2024 10:42:47,07/22/2024 06:42:47,13,14,,14,14,,104,122,122,122,122,0,67.6,,71,,0,0
07/22/2024 10:57:47,07/22/2024 06:57:47,14,15,,15,15,,114,134,134,134,134,0,65.1,,76,,0,0
07/22/2024 11:12:47,07/22/2024 07:12:47,13,14,,14,14,,107,126,126,126,126,0,64.9,,77,,0,0
07/22/2024 11:27:47,07/22/2024 07:27:47,14,15,,15,15,,114,134,135,135,135,0,66.0,,77,,0,0
07/22/2024 11:42:47,07/22/2024 07:42:47,15,16,,16,16,,120,141,142,142,142,0,67.3,,75,,0,0
07/22/2024 11:57:47,07/22/2024 07:57:47,16,17,,17,17,,127,149,150,150,150,0,68.0,,75,,0,0
07/22/2024 12:12:47,07/22/2024 08:12:47,16,17,,17,17,,129,152,152,152,152,0,69.4,,74,,0,0
07/22/2024 12:27:47,07/22/2024 08:27:47,16,17,,17,17,,126,148,148,148,148,0,75.4,,69,,0,0
07/22/2024 12:42:47,07/22/2024 08:42:47,14,15,,15,15,,106,125,125,125,125,0,79.2,,62,,0,0
07/22/2024 12:57:47,07/22/2024 08:57:47,12,13,,13,13,,92,108,108,108,108,0,81.9,,54,,0,0
07/22/2024 13:12:47,07/22/2024 09:12:47,14,15,,15,15,,105,124,124,124,124,0,80.8,,54,,0,0
07/22/2024 13:27:47,07/22/2024 09:27:47,15,15,,15,15,,112,132,132,132,132,0,76.8,,58,,0,0
07/22/2024 13:42:47,07/22/2024 09:42:47,14,15,,15,15,,108,127,127,127,127,0,74.3,,62,,0,0
07/22/2024 13:57:47,07/22/2024 09:57:47,15,16,,16,16,,116,137,137,137,137,0,72.9,,65,,0,0
07/22/2024 14:12:47,07/22/2024 10:12:47,15,16,,16,16,,118,138,139,139,139,0,72.7,,65,,0,0
07/22/2024 14:27:47,07/22/2024 10:27:47,22,23,,23,23,,171,201,201,201,202,0,72.5,,64,,0,0
07/22/2024 14:42:47,07/22/2024 10:42:47,20,21,,21,21,,160,189,189,189,189,0,71.8,,66,,0,0
07/22/2024 14:57:47,07/22/2024 10:57:47,21,22,,22,22,,168,198,198,198,198,0,71.2,,68,,0,0
07/22/2024 15:12:47,07/22/2024 11:12:47,21,22,,22,22,,167,196,197,197,197,0,70.5,,69,,0,0
07/22/2024 15:27:47,07/22/2024 11:27:47,20,21,,21,21,,160,188,188,188,188,0,69.4,,70,,0,0
07/22/2024 15:42:47,07/22/2024 11:42:47,24,25,,25,25,,191,225,225,225,225,0,68.7,,71,,0,0
07/22/2024 15:57:47,07/22/2024 11:57:47,24,25,,25,25,,193,227,228,228,228,0,68.5,,73,,0,0
07/22/2024 16:12:47,07/22/2024 12:12:47,26,27,,27,27,,205,242,242,243,243,0,68.2,,75,,0,0
07/22/2024 16:27:47,07/22/2024 12:27:47,26,27,,27,27,,205,241,242,242,242,0,68.0,,75,,0,0
07/22/2024 16:42:47,07/22/2024 12:42:47,26,27,,27,27,,206,242,243,243,243,0,67.8,,76,,0,0
07/22/2024 16:57:47,07/22/2024 12:57:47,26,27,,27,27,,206,242,243,243,243,0,67.6,,76,,0,0
07/22/2024 17:12:47,07/22/2024 13:12:47,27,28,,28,28,,217,255,256,256,256,0,67.6,,76,,0,0
07/22/2024 17:27:47,07/22/2024 13:27:47,28,29,,29,29,,220,259,260,260,260,0,67.3,,76,,0,0
07/22/2024 17:42:47,07/22/2024 13:42:47,25,26,,26,26,,199,235,235,235,235,0,67.1,,76,,0,0
07/22/2024 17:57:47,07/22/2024 13:57:47,24,26,,26,26,,195,230,231,231,231,0,66.9,,76,,0,0
07/22/2024 18:12:47,07/22/2024 14:12:47,24,26,,26,26,,195,230,231,231,231,0,66.9,,77,,0,0
07/22/2024 18:27:47,07/22/2024 14:27:47,25,26,,26,26,,201,236,237,237,237,0,67.1,,77,,0,0
07/22/2024 18:42:47,07/22/2024 14:42:47,26,27,,27,27,,209,246,247,247,247,0,66.7,,76,,0,0
07/22/2024 18:57:47,07/22/2024 14:57:47,26,28,,28,28,,212,249,250,250,250,0,66.0,,77,,0,0
07/22/2024 19:12:47,07/22/2024 15:12:47,24,25,,25,25,,193,227,228,228,228,0,65.7,,78,,0,0
07/22/2024 19:27:47,07/22/2024 15:27:47,27,28,,28,28,,216,254,255,255,255,0,66.0,,78,,0,0
07/22/2024 19:42:47,07/22/2024 15:42:47,27,28,,28,28,,215,253,254,254,254,0,66.0,,77,,0,0
07/22/2024 19:57:47,07/22/2024 15:57:47,25,26,,26,26,,203,239,239,239,239,0,65.8,,78,,0,0
07/22/2024 20:12:47,07/22/2024 16:12:47,24,25,,25,25,,193,227,228,228,228,0,65.8,,78,,0,0
07/22/2024 20:27:47,07/22/2024 16:27:47,23,24,,24,24,,185,218,219,219,219,0,65.8,,78,,0,0
07/22/2024 20:42:47,07/22/2024 16:42:47,22,23,,23,23,,178,209,210,210,210,0,65.7,,78,,0,0
07/22/2024 20:57:47,07/22/2024 16:57:47,21,22,,22,22,,166,195,196,196,196,0,65.7,,78,,0,0
07/22/2024 21:12:47,07/22/2024 17:12:47,18,19,,19,19,,144,169,169,169,169,0,65.7,,78,,0,0
07/22/2024 21:27:47,07/22/2024 17:27:47,15,15,,15,15,,118,139,140,140,140,0,65.5,,78,,0,0
07/22/2024 21:42:47,07/22/2024 17:42:47,14,15,,15,15,,115,135,136,136,136,0,65.5,,78,,0,0
07/22/2024 21:57:47,07/22/2024 17:57:47,14,15,,15,15,,115,135,135,135,135,0,65.5,,77,,0,0
07/22/2024 22:12:47,07/22/2024 18:12:47,14,14,,14,14,,112,132,132,132,132,0,65.3,,77,,0,0
07/22/2024 22:27:47,07/22/2024 18:27:47,14,14,,14,14,,111,131,131,131,131,0,64.9,,77,,0,0
07/22/2024 22:42:47,07/22/2024 18:42:47,13,13,,13,13,,104,122,122,122,122,0,64.8,,77,,0,0
07/22/2024 22:57:47,07/22/2024 18:57:47,12,13,,13,13,,98,116,116,116,116,0,64.6,,78,,0,0
07/22/2024 23:12:47,07/22/2024 19:12:47,12,13,,13,13,,98,116,116,116,116,0,64.4,,78,,0,0
07/22/2024 23:27:47,07/22/2024 19:27:47,12,13,,13,13,,101,119,120,120,120,0,64.4,,78,,0,0
07/22/2024 23:42:47,07/22/2024 19:42:47,13,13,,13,13,,104,122,123,123,123,0,64.2,,78,,0,0
07/22/2024 23:57:47,07/22/2024 19:57:47,13,13,,13,13,,103,121,121,121,121,0,64.0,,78,,0,0
07/23/2024 00:12:47,07/22/2024 20:12:47,13,13,,13,13,,104,122,122,122,122,0,63.5,,79,,0,0
07/23/2024 00:27:47,07/22/2024 20:27:47,13,14,,14,14,,107,126,126,126,126,0,63.1,,79,,0,0
07/23/2024 00:42:47,07/22/2024 20:42:47,14,14,,14,14,,111,130,131,131,131,0,63.1,,79,,0,0
07/23/2024 00:57:47,07/22/2024 20:57:47,14,14,,14,14,,113,133,133,133,133,0,63.3,,79,,0,0
07/23/2024 01:12:47,07/22/2024 21:12:47,14,15,,15,15,,115,136,136,136,136,0,63.0,,78,,0,0
07/23/2024 01:27:47,07/22/2024 21:27:47,14,15,,15,15,,119,140,141,141,141,0,61.9,,78,,0,0
07/23/2024 01:42:47,07/22/2024 21:42:47,16,17,,17,17,,134,158,158,158,158,0,61.0,,78,,0,0
07/23/2024 01:57:47,07/22/2024 21:57:47,17,18,,18,18,,140,164,165,165,165,0,60.4,,78,,0,0
07/23/2024 02:12:47,07/22/2024 22:12:47,18,19,,20,20,,153,181,181,181,181,0,60.1,,79,,0,0
07/23/2024 02:27:47,07/22/2024 22:27:47,17,18,,18,18,,144,170,170,170,170,0,59.9,,79,,0,0
07/23/2024 02:42:47,07/22/2024 22:42:47,18,19,,19,19,,148,175,175,175,175,0,59.7,,79,,0,0
07/23/2024 02:57:47,07/22/2024 22:57:47,18,19,,19,19,,152,179,180,180,180,0,59.5,,79,,0,0
07/23/2024 03:12:47,07/22/2024 23:12:47,19,20,,21,21,,162,190,191,191,191,0,59.5,,80,,0,0
07/23/2024 03:27:47,07/22/2024 23:27:47,20,22,,22,22,,170,201,201,201,201,0,59.7,,80,,0,0
07/23/2024 03:42:47,07/22/2024 23:42:47,19,20,,20,20,,157,185,185,185,185,0,59.7,,80,,0,0
07/23/2024 03:57:47,07/22/2024 23:57:47,20,21,,21,21,,167,196,197,197,197,0,59.7,,80,,0,0
07/23/2024 04:12:47,07/23/2024 00:12:47,22,23,,23,23,,182,215,216,216,216,0,60.1,,79,,0,0
07/23/2024 04:27:47,07/23/2024 00:27:47,22,23,,24,24,,185,217,218,218,218,0,60.8,,79,,0,0
07/23/2024 04:42:47,07/23/2024 00:42:47,21,22,,22,22,,172,202,203,203,203,0,61.5,,79,,0,0
07/23/2024 04:57:47,07/23/2024 00:57:47,21,22,,22,22,,168,198,199,199,199,0,62.4,,78,,0,0
07/23/2024 05:12:47,07/23/2024 01:12:47,21,22,,22,22,,173,203,204,204,204,0,64.6,,76,,0,0
07/23/2024 05:27:47,07/23/2024 01:27:47,21,22,,22,22,,167,197,197,197,197,0,69.4,,70,,0,0
07/23/2024 05:42:47,07/23/2024 01:42:47,19,20,,20,20,,143,169,169,169,169,0,75.9,,64,,0,0
07/23/2024 05:57:47,07/23/2024 01:57:47,16,16,,16,16,,117,138,138,138,139,0,79.9,,57,,0,0
07/23/2024 06:12:47,07/23/2024 02:12:47,15,16,,16,16,,112,131,132,132,132,0,82.4,,53,,0,0
07/23/2024 06:27:47,07/23/2024 02:27:47,14,15,,15,15,,106,125,125,126,126,0,85.3,,50,,0,0
07/23/2024 06:42:47,07/23/2024 02:42:47,14,15,,15,15,,104,123,123,123,123,0,87.6,,48,,0,0
07/23/2024 06:57:47,07/23/2024 02:57:47,14,15,,15,15,,102,119,120,120,120,0,88.7,,47,,0,0
07/23/2024 07:12:47,07/23/2024 03:12:47,13,14,,14,14,,95,111,112,112,112,0,90.5,,45,,0,0
07/23/2024 07:27:47,07/23/2024 03:27:47,13,14,,14,14,,93,109,110,110,110,0,91.6,,42,,0,0
07/23/2024 07:42:47,07/23/2024 03:42:47,12,13,,13,13,,88,104,104,104,104,0,92.5,,42,,0,0
07/23/2024 07:57:47,07/23/2024 03:57:47,12,13,,13,13,,86,101,102,102,102,0,92.1,,41,,0,0
07/23/2024 08:12:47,07/23/2024 04:12:47,12,12,,12,12,,84,99,99,99,99,0,89.4,,42,,0,0
07/23/2024 08:27:47,07/23/2024 04:27:47,13,14,,14,14,,96,113,113,113,113,0,86.9,,45,,0,0
07/23/2024 08:42:47,07/23/2024 04:42:47,14,15,,15,15,,104,123,123,123,123,0,83.7,,48,,0,0
07/23/2024 08:57:47,07/23/2024 04:57:47,14,15,,15,15,,106,125,125,125,125,0,81.7,,50,,0,0
07/23/2024 09:12:47,07/23/2024 05:12:47,15,16,,16,16,,114,134,135,135,135,0,83.1,,49,,0,0
07/23/2024 09:27:47,07/23/2024 05:27:47,17,17,,17,17,,123,145,145,145,145,0,83.5,,49,,0,0
07/23/2024 09:42:47,07/23/2024 05:42:47,15,15,,15,15,,108,127,127,127,127,0,83.8,,49,,0,0
07/23/2024 09:57:47,07/23/2024 05:57:47,14,15,,15,15,,104,123,123,123,123,0,84.6,,49,,0,0
07/23/2024 10:12:47,07/23/2024 06:12:47,14,14,,14,14,,101,119,119,119,119,0,85.6,,48,,0,0
07/23/2024 10:27:47,07/23/2024 06:27:47,14,14,,14,14,,101,118,119,119,119,0,86.2,,47,,0,0
07/23/2024 10:42:47,07/23/2024 06:42:47,20,21,,21,21,,142,167,167,167,167,0,88.3,,45,,0,0
07/23/2024 10:57:47,07/23/2024 06:57:47,15,15,,15,15,,107,125,126,126,126,0,88.0,,45,,0,0
07/23/2024 11:12:47,07/23/2024 07:12:47,13,14,,14,14,,95,111,112,112,112,0,92.3,,42,,0,0
07/23/2024 11:27:47,07/23/2024 07:27:47,13,13,,13,13,,89,105,105,105,105,0,95.7,,40,,0,0
07/23/2024 11:42:47,07/23/2024 07:42:47,13,14,,14,14,,92,108,108,108,108,0,96.4,,39,,0,0
07/23/2024 11:57:47,07/23/2024 07:57:47,14,14,,14,14,,98,116,116,116,116,0,93.2,,41,,0,0
07/23/2024 12:12:47,07/23/2024 08:12:47,15,16,,16,16,,111,130,131,131,131,0,85.3,,47,,0,0
07/23/2024 12:27:47,07/23/2024 08:27:47,17,18,,18,18,,129,152,152,152,152,0,79.2,,56,,0,0
07/23/2024 12:55:00,07/23/2024 08:55:00,15,16,,16,16,,125,147,147,147,147,0,66.6,,79,,0,1
07/23/2024 13:10:00,07/23/2024 09:10:00,13,14,,14,14,,109,128,129,129,129,0,65.1,,81,,0,0
07/23/2024 13:25:00,07/23/2024 09:25:00,12,13,,13,13,,99,117,117,117,117,0,65.3,,79,,0,0
07/23/2024 13:40:00,07/23/2024 09:40:00,17,18,,18,18,,136,160,161,161,161,0,64.9,,78,,0,0
07/23/2024 13:55:00,07/23/2024 09:55:00,14,14,,14,14,,110,129,129,129,129,0,65.1,,79,,0,0
07/23/2024 14:10:00,07/23/2024 10:10:00,12,13,,13,13,,98,116,116,116,116,0,65.7,,78,,0,0
07/23/2024 14:25:00,07/23/2024 10:25:00,12,12,,12,12,,95,112,113,113,113,0,65.5,,79,,0,0
07/23/2024 14:40:00,07/23/2024 10:40:00,14,15,,15,15,,114,134,134,134,134,0,65.8,,79,,0,0
07/23/2024 14:55:00,07/23/2024 10:55:00,24,25,,25,25,,194,229,229,229,229,0,65.5,,78,,0,0
07/23/2024 15:10:00,07/23/2024 11:10:00,19,20,,20,20,,157,185,186,186,186,0,65.3,,79,,0,0
07/23/2024 15:25:00,07/23/2024 11:25:00,22,23,,23,23,,177,208,209,209,209,0,65.7,,79,,0,0
07/23/2024 15:40:00,07/23/2024 11:40:00,31,32,,33,33,,250,294,295,295,295,0,65.7,,79,,0,0
07/23/2024 15:55:00,07/23/2024 11:55:00,31,32,,32,32,,250,294,295,295,295,0,65.7,,79,,0,0
07/23/2024 16:10:00,07/23/2024 12:10:00,27,28,,28,28,,216,254,255,255,255,0,65.8,,80,,0,0
07/23/2024 16:25:00,07/23/2024 12:25:00,32,34,,34,34,,260,306,307,307,307,0,65.7,,79,,0,0
07/23/2024 16:40:00,07/23/2024 12:40:00,40,42,,42,42,,323,379,381,381,381,0,65.7,,80,,0,0
07/23/2024 16:55:00,07/23/2024 12:55:00,44,46,,46,46,,354,417,418,418,418,0,65.7,,80,,0,0
07/23/2024 17:10:00,07/23/2024 13:10:00,38,40,,40,40,,304,358,359,359,359,0,66.0,,79,,0,0
07/23/2024 17:25:00,07/23/2024 13:25:00,40,42,,42,42,,325,383,384,384,384,0,66.0,,79,,0,0
07/23/2024 17:40:00,07/23/2024 13:40:00,39,41,,41,41,,312,368,369,369,369,0,66.2,,79,,0,0
07/23/2024 17:55:00,07/23/2024 13:55:00,37,38,,38,38,,295,347,348,348,349,0,66.2,,79,,0,0
07/23/2024 18:10:00,07/23/2024 14:10:00,40,41,,41,42,,319,375,376,376,376,0,66.2,,79,,0,0
07/23/2024 18:25:00,07/23/2024 14:25:00,39,41,,41,41,,312,368,369,369,369,0,65.7,,79,,0,0
07/23/2024 18:40:00,07/23/2024 14:40:00,45,48,,48,48,,369,434,435,435,435,0,64.8,,79,,0,0
07/23/2024 18:55:00,07/23/2024 14:55:00,34,36,,36,36,,277,326,327,327,327,0,64.4,,80,,0,0
07/23/2024 19:10:00,07/23/2024 15:10:00,31,32,,32,32,,249,293,294,294,294,0,64.8,,81,,0,0
07/23/2024 19:25:00,07/23/2024 15:25:00,24,25,,25,25,,196,230,231,231,231,0,64.8,,80,,0,0
07/23/2024 19:40:00,07/23/2024 15:40:00,25,26,,26,26,,203,238,239,239,239,0,64.6,,80,,0,0
07/23/2024 19:55:00,07/23/2024 15:55:00,27,28,,28,28,,218,256,257,257,257,0,63.9,,79,,0,0
07/23/2024 20:10:00,07/23/2024 16:10:00,28,29,,29,29,,227,267,268,268,268,0,63.3,,80,,0,0
07/23/2024 20:25:00,07/23/2024 16:25:00,29,31,,31,31,,239,281,282,282,282,0,63.0,,80,,0,0
07/23/2024 20:40:00,07/23/2024 16:40:00,29,30,,30,30,,236,278,279,279,279,0,62.8,,80,,0,0
07/23/2024 20:55:00,07/23/2024 16:55:00,34,36,,36,36,,279,329,330,330,330,0,62.4,,80,,0,0
07/23/2024 21:10:00,07/23/2024 17:10:00,47,50,,50,50,,385,453,455,455,455,0,62.1,,80,,0,0
07/23/2024 21:25:00,07/23/2024 17:25:00,40,43,,43,43,,332,391,393,393,393,0,62.1,,80,,0,0
07/23/2024 21:40:00,07/23/2024 17:40:00,27,29,,29,29,,224,264,265,265,265,0,61.9,,80,,0,0
07/23/2024 21:55:00,07/23/2024 17:55:00,33,35,,35,35,,270,318,319,319,319,0,62.1,,81,,0,0
07/23/2024 22:10:00,07/23/2024 18:10:00,26,27,,27,27,,211,249,250,250,250,0,62.8,,81,,0,0
07/23/2024 22:25:00,07/23/2024 18:25:00,22,23,,23,23,,181,214,214,214,214,0,63.0,,80,,0,0
07/23/2024 22:40:00,07/23/2024 18:40:00,21,22,,22,23,,175,206,206,207,207,0,63.0,,80,,0,0
07/23/2024 22:55:00,07/23/2024 18:55:00,21,22,,22,22,,169,199,199,199,199,0,62.6,,80,,0,0
07/23/2024 23:10:00,07/23/2024 19:10:00,21,22,,22,22,,169,199,200,200,200,0,62.2,,80,,0,0
07/23/2024 23:25:00,07/23/2024 19:25:00,21,22,,22,22,,170,200,201,201,201,0,62.1,,80,,0,0
07/23/2024 23:40:00,07/23/2024 19:40:00,34,36,,37,38,,273,324,326,326,326,0,62.1,,81,,0,0
07/23/2024 23:55:00,07/23/2024 19:55:00,49,53,,54,55,,394,468,471,472,472,0,62.4,,80,,0,0
07/24/2024 00:10:00,07/23/2024 20:10:00,50,54,,56,57,,408,484,488,488,488,0,62.1,,80,,0,0
07/24/2024 00:25:00,07/23/2024 20:25:00,36,39,,39,40,,294,348,350,350,350,0,61.9,,80,,0,0
07/24/2024 00:40:00,07/23/2024 20:40:00,50,54,,56,57,,404,480,484,484,484,0,62.4,,81,,0,0
07/24/2024 00:55:00,07/23/2024 20:55:00,36,40,,42,43,,286,342,346,346,346,0,62.8,,81,,0,0
07/24/2024 01:10:00,07/23/2024 21:10:00,18,19,,19,19,,150,177,178,178,178,0,63.0,,81,,0,0
07/24/2024 01:25:00,07/23/2024 21:25:00,18,19,,19,19,,151,178,178,178,178,0,63.1,,80,,0,0
07/24/2024 01:40:00,07/23/2024 21:40:00,20,21,,21,21,,161,189,190,190,190,0,63.1,,80,,0,0
07/24/2024 01:55:00,07/23/2024 21:55:00,19,20,,20,20,,152,179,180,180,180,0,63.1,,80,,0,0
07/24/2024 02:10:00,07/23/2024 22:10:00,25,26,,26,26,,202,239,239,239,240,0,63.1,,80,,0,0
07/24/2024 02:25:00,07/23/2024 22:25:00,23,24,,24,24,,185,218,219,219,219,0,63.3,,80,,0,0
07/24/2024 02:40:01,07/23/2024 22:40:01,19,20,,20,20,,157,185,185,186,186,0,63.3,,80,,0,0
07/24/2024 02:55:01,07/23/2024 22:55:01,21,22,,22,22,,169,199,199,199,199,0,63.3,,80,,0,0
07/24/2024 03:10:01,07/23/2024 23:10:01,28,30,,31,31,,231,273,274,274,274,0,63.1,,80,,0,0
07/24/2024 03:25:01,07/23/2024 23:25:01,68,74,,77,79,,544,647,654,654,655,0,62.8,,80,,0,0
07/24/2024 03:40:01,07/23/2024 23:40:01,35,37,,38,38,,283,335,337,337,337,0,63.0,,80,,0,0
07/24/2024 03:55:01,07/23/2024 23:55:01,33,34,,35,35,,265,313,314,314,314,0,63.3,,80,,0,0
07/24/2024 04:10:01,07/24/2024 00:10:01,18,19,,19,19,,147,173,174,174,174,0,63.7,,80,,0,0
07/24/2024 04:25:01,07/24/2024 00:25:01,14,15,,15,15,,114,134,135,135,135,0,64.2,,79,,0,0
07/24/2024 04:40:01,07/24/2024 00:40:01,13,14,,14,14,,107,126,126,126,126,0,64.4,,78,,0,0
07/24/2024 04:55:01,07/24/2024 00:55:01,17,18,,18,18,,138,162,162,162,163,0,64.6,,78,,0,0
07/24/2024 05:10:01,07/24/2024 01:10:01,17,18,,18,18,,136,160,161,161,161,0,65.8,,77,,0,0
07/24/2024 05:25:01,07/24/2024 01:25:01,14,15,,15,15,,115,135,136,136,136,0,67.3,,76,,0,0
07/24/2024 05:40:01,07/24/2024 01:40:01,16,17,,17,17,,131,154,155,155,155,0,68.5,,74,,0,0
07/24/2024 05:55:01,07/24/2024 01:55:01,17,18,,18,18,,134,158,158,158,158,0,70.0,,72,,0,0
07/24/2024 06:10:01,07/24/2024 02:10:01,17,17,,17,17,,129,152,153,153,153,0,73.8,,67,,0,0
07/24/2024 06:25:01,07/24/2024 02:25:01,16,17,,17,17,,120,141,142,142,142,0,79.2,,58,,0,0
07/24/2024 06:40:01,07/24/2024 02:40:01,20,21,,21,21,,155,182,182,182,183,0,78.6,,58,,0,0
07/24/2024 06:55:01,07/24/2024 02:55:01,20,21,,21,21,,156,183,184,184,184,0,78.3,,58,,0,0
07/24/2024 07:10:01,07/24/2024 03:10:01,20,21,,21,21,,157,185,185,185,185,0,74.7,,61,,0,0
07/24/2024 07:25:01,07/24/2024 03:25:01,18,18,,18,18,,132,155,156,156,156,0,80.6,,54,,0,0
07/24/2024 07:40:01,07/24/2024 03:40:01,16,17,,17,17,,118,139,140,140,140,0,87.1,,47,,0,0
07/24/2024 07:55:01,07/24/2024 03:55:01,15,16,,16,16,,113,132,133,133,133,0,82.2,,52,,0,0
07/24/2024 08:10:01,07/24/2024 04:10:01,15,16,,16,16,,111,130,131,131,131,0,84.2,,52,,0,0
07/24/2024 08:25:01,07/24/2024 04:25:01,15,16,,16,16,,110,129,129,129,129,0,84.4,,51,,0,0
07/24/2024 08:40:01,07/24/2024 04:40:01,15,16,,16,16,,115,136,136,136,136,0,80.1,,53,,0,0
07/24/2024 08:55:01,07/24/2024 04:55:01,16,16,,16,16,,117,138,138,138,138,0,81.0,,55,,0,0
07/24/2024 09:10:01,07/24/2024 05:10:01,15,15,,15,15,,110,129,129,129,129,0,82.9,,53,,0,0
07/24/2024 09:25:01,07/24/2024 05:25:01,15,15,,15,15,,110,129,130,130,130,0,81.9,,55,,0,0
07/24/2024 09:40:01,07/24/2024 05:40:01,17,18,,18,18,,128,150,151,151,151,0,81.1,,54,,0,0
07/24/2024 09:55:01,07/24/2024 05:55:01,17,18,,18,18,,130,153,154,154,154,0,80.6,,55,,0,0
07/24/2024 10:10:01,07/24/2024 06:10:01,17,18,,18,18,,127,150,150,150,150,0,82.0,,54,,0,0
07/24/2024 10:25:01,07/24/2024 06:25:01,18,19,,19,19,,134,158,159,159,159,0,83.7,,52,,0,0
07/24/2024 10:40:01,07/24/2024 06:40:01,18,19,,19,19,,136,160,160,160,160,0,84.7,,50,,0,0
07/24/2024 10:55:01,07/24/2024 06:55:01,18,19,,19,19,,136,160,161,161,161,0,81.3,,53,,0,0
07/24/2024 11:10:01,07/24/2024 07:10:01,18,19,,19,19,,139,164,164,164,164,0,79.3,,55,,0,0
07/24/2024 11:25:01,07/24/2024 07:25:01,18,18,,18,18,,132,155,155,155,155,0,81.1,,54,,0,0
07/24/2024 11:40:01,07/24/2024 07:40:01,17,18,,18,18,,127,149,150,150,150,0,79.0,,55,,0,0
07/24/2024 11:55:01,07/24/2024 07:55:01,16,17,,17,17,,125,148,148,148,148,0,76.8,,57,,0,0
07/24/2024 12:10:01,07/24/2024 08:10:01,17,18,,18,18,,131,154,155,155,155,0,76.3,,58,,0,0
07/24/2024 12:25:01,07/24/2024 08:25:01,19,20,,20,20,,145,170,171,171,171,0,75.0,,61,,0,0
07/24/2024 12:40:01,07/24/2024 08:40:01,20,21,,21,21,,158,186,186,186,186,0,72.5,,66,,0,0
07/24/2024 12:55:01,07/24/2024 08:55:01,22,23,,23,23,,172,202,203,203,203,0,71.1,,69,,0,0
07/24/2024 13:10:01,07/24/2024 09:10:01,24,25,,25,25,,187,220,221,221,221,0,70.3,,70,,0,0
07/24/2024 13:25:01,07/24/2024 09:25:01,24,25,,25,25,,187,220,220,221,221,0,69.4,,73,,0,0
07/24/2024 13:40:01,07/24/2024 09:40:01,22,23,,23,23,,177,208,209,209,209,0,67.8,,76,,0,0
07/24/2024 13:55:01,07/24/2024 09:55:01,17,18,,18,18,,141,166,166,166,166,0,66.4,,77,,0,0
07/24/2024 14:10:01,07/24/2024 10:10:01,21,22,,22,22,,171,201,202,202,202,0,65.1,,80,,0,0
07/24/2024 14:25:01,07/24/2024 10:25:01,23,24,,24,24,,185,217,218,218,218,0,64.8,,80,,0,0
07/24/2024 14:40:01,07/24/2024 10:40:01,30,32,,32,32,,247,290,291,291,291,0,65.3,,79,,0,0
07/24/2024 14:55:01,07/24/2024 10:55:01,30,32,,32,32,,242,285,286,286,286,0,65.7,,79,,0,0
07/24/2024 15:10:01,07/24/2024 11:10:01,48,51,,51,51,,391,460,461,462,462,0,65.8,,79,,0,0
07/24/2024 15:25:01,07/24/2024 11:25:01,41,43,,43,43,,330,389,390,390,390,0,65.8,,79,,0,0
07/24/2024 15:40:01,07/24/2024 11:40:01,29,31,,31,31,,236,278,279,279,279,0,66.0,,79,,0,0
07/24/2024 15:55:01,07/24/2024 11:55:01,36,38,,38,38,,289,340,341,342,342,0,65.7,,79,,0,0
07/24/2024 16:10:01,07/24/2024 12:10:01,31,32,,32,32,,249,293,294,294,294,0,65.5,,79,,0,0
07/24/2024 16:25:01,07/24/2024 12:25:01,30,32,,32,32,,246,289,290,290,290,0,65.3,,79,,0,0
07/24/2024 16:40:01,07/24/2024 12:40:01,31,33,,33,33,,254,299,300,300,300,0,65.1,,80,,0,0
07/24/2024 16:55:01,07/24/2024 12:55:01,31,33,,33,33,,254,299,300,300,300,0,64.9,,80,,0,0
07/24/2024 17:10:01,07/24/2024 13:10:01,30,32,,32,32,,248,291,292,292,292,0,64.4,,79,,0,0
07/24/2024 17:25:01,07/24/2024 13:25:01,29,30,,30,30,,237,279,280,280,280,0,63.7,,78,,0,0
07/24/2024 17:40:01,07/24/2024 13:40:01,29,31,,31,31,,241,284,284,284,284,0,63.1,,79,,0,0
07/24/2024 17:55:01,07/24/2024 13:55:01,32,34,,34,34,,262,308,309,309,309,0,63.0,,80,,0,0
07/24/2024 18:10:01,07/24/2024 14:10:01,30,32,,32,32,,247,290,291,291,291,0,63.1,,80,,0,0
07/24/2024 18:25:01,07/24/2024 14:25:01,29,31,,31,31,,238,281,282,282,282,0,63.3,,80,,0,0
07/24/2024 18:40:01,07/24/2024 14:40:01,35,37,,37,37,,284,335,336,336,336,0,63.0,,79,,0,0
07/24/2024 18:55:01,07/24/2024 14:55:01,27,28,,28,28,,221,261,261,261,261,0,62.4,,79,,0,0
07/24/2024 19:10:01,07/24/2024 15:10:01,29,31,,31,31,,241,284,285,285,285,0,62.2,,80,,0,0
07/24/2024 19:25:01,07/24/2024 15:25:01,27,29,,29,29,,223,263,264,264,264,0,62.2,,80,,0,0
07/24/2024 19:40:01,07/24/2024 15:40:01,34,36,,36,36,,276,326,327,327,327,0,62.2,,80,,0,0
07/24/2024 19:55:01,07/24/2024 15:55:01,31,33,,33,33,,251,297,298,298,298,0,62.1,,80,,0,0
07/24/2024 20:10:01,07/24/2024 16:10:01,31,33,,33,33,,256,302,303,303,303,0,61.7,,79,,0,0
07/24/2024 20:25:01,07/24/2024 16:25:01,40,48,,52,54,,319,387,395,396,396,0,61.2,,79,,0,0
07/24/2024 20:40:01,07/24/2024 16:40:01,53,65,,72,76,,415,508,521,522,523,0,60.8,,79,,0,0
07/24/2024 20:55:01,07/24/2024 16:55:01,83,107,,123,132,,634,788,816,819,821,0,60.4,,80,,0,0
07/24/2024 21:10:01,07/24/2024 17:10:01,65,79,,88,92,,511,624,640,641,642,0,60.4,,80,,0,0
07/24/2024 21:25:01,07/24/2024 17:25:01,30,33,,33,34,,251,296,298,298,298,0,60.6,,80,,0,0
07/24/2024 21:40:01,07/24/2024 17:40:01,44,49,,52,54,,357,427,432,433,433,0,60.3,,80,,0,0
07/24/2024 21:55:01,07/24/2024 17:55:01,51,60,,64,67,,406,491,500,501,502,0,59.9,,79,,0,0
07/24/2024 22:10:01,07/24/2024 18:10:01,35,38,,40,40,,284,338,341,342,342,0,59.5,,80,,0,0
07/24/2024 22:25:01,07/24/2024 18:25:01,30,33,,33,34,,252,298,300,300,300,0,59.5,,79,,0,0
07/24/2024 22:40:01,07/24/2024 18:40:01,44,51,,54,56,,358,430,437,438,438,0,59.2,,79,,0,0
07/24/2024 22:55:01,07/24/2024 18:55:01,87,118,,140,152,,646,819,858,862,863,0,59.0,,79,,0,0
07/24/2024 23:10:01,07/24/2024 19:10:01,46,51,,53,54,,376,448,453,453,454,0,58.8,,80,,0,0
07/24/2024 23:25:01,07/24/2024 19:25:01,36,39,,39,39,,303,357,359,359,359,0,58.8,,80,,0,0
07/24/2024 23:40:01,07/24/2024 19:40:01,64,71,,75,76,,520,621,628,629,630,0,59.2,,81,,0,0
07/24/2024 23:55:01,07/24/2024 19:55:01,60,66,,69,70,,490,584,590,590,590,0,59.9,,81,,0,0
07/25/2024 00:10:01,07/24/2024 20:10:01,29,31,,31,31,,244,287,288,288,288,0,59.4,,80,,0,0
07/25/2024 00:25:01,07/24/2024 20:25:01,31,33,,33,33,,262,309,310,310,310,0,58.8,,80,,0,0
07/25/2024 00:40:01,07/24/2024 20:40:01,43,49,,51,53,,354,424,429,430,430,0,58.6,,80,,0,0
07/25/2024 00:55:01,07/24/2024 20:55:01,47,56,,62,65,,372,453,464,465,466,0,58.6,,80,,0,0
07/25/2024 01:10:01,07/24/2024 21:10:01,21,22,,22,22,,175,206,206,206,206,0,58.6,,80,,0,0
07/25/2024 01:25:01,07/24/2024 21:25:01,93,116,,130,138,,729,896,922,925,926,0,58.5,,80,,0,0
07/25/2024 01:40:01,07/24/2024 21:40:01,62,72,,78,81,,497,600,611,612,613,0,58.5,,80,,0,0
07/25/2024 01:55:01,07/24/2024 21:55:01,42,46,,48,49,,342,407,412,412,412,0,58.3,,80,,0,0
07/25/2024 02:10:01,07/24/2024 22:10:01,21,22,,22,22,,178,210,211,211,211,0,58.3,,80,,0,0
07/25/2024 02:25:01,07/24/2024 22:25:01,20,21,,21,21,,170,200,201,201,201,0,58.3,,80,,0,0
07/25/2024 02:40:01,07/24/2024 22:40:01,20,21,,21,21,,166,196,196,196,196,0,58.6,,81,,0,0
07/25/2024 02:55:01,07/24/2024 22:55:01,21,22,,22,22,,177,208,209,209,209,0,58.8,,80,,0,0
07/25/2024 03:10:01,07/24/2024 23:10:01,33,35,,35,35,,276,325,326,326,326,0,58.5,,79,,0,0
07/25/2024 03:25:01,07/24/2024 23:25:01,103,119,,129,133,,832,1004,1022,1024,1025,0,58.3,,80,,0,0
07/25/2024 03:40:01,07/24/2024 23:40:01,64,69,,71,72,,526,624,629,630,630,0,58.5,,80,,0,0
07/25/2024 03:55:01,07/24/2024 23:55:01,51,55,,56,56,,428,506,508,509,509,0,58.6,,79,,0,0
07/25/2024 04:10:01,07/25/2024 00:10:01,34,36,,36,36,,285,335,337,337,337,0,59.2,,79,,0,0
07/25/2024 04:25:01,07/25/2024 00:25:01,45,47,,48,48,,370,437,439,439,439,0,60.1,,79,,0,0
07/25/2024 04:40:01,07/25/2024 00:40:01,56,61,,62,62,,462,547,550,551,551,0,61.0,,80,,0,0
07/25/2024 04:55:01,07/25/2024 00:55:01,36,38,,38,38,,294,346,347,347,347,0,61.7,,80,,0,0
07/25/2024 05:10:01,07/25/2024 01:10:01,39,41,,41,41,,319,376,377,377,377,0,62.8,,80,,0,0
07/25/2024 05:25:01,07/25/2024 01:25:01,31,33,,33,33,,254,299,300,300,300,0,66.2,,77,,0,0
07/25/2024 05:40:01,07/25/2024 01:40:01,41,43,,44,44,,315,372,373,374,374,0,73.0,,69,,0,0
07/25/2024 05:55:01,07/25/2024 01:55:01,155,166,,169,170,,1185,1401,1409,1409,1410,0,76.3,,65,,0,0
07/25/2024 06:10:01,07/25/2024 02:10:01,95,101,,101,102,,718,846,850,850,850,0,79.2,,61,,0,0
07/25/2024 06:25:01,07/25/2024 02:25:01,19,20,,20,20,,145,171,171,171,171,0,82.6,,58,,0,0
07/25/2024 06:40:01,07/25/2024 02:40:01,17,18,,18,18,,129,152,152,152,152,0,82.9,,56,,0,0
07/25/2024 06:55:01,07/25/2024 02:55:01,16,17,,17,17,,122,143,144,144,144,0,83.3,,56,,0,0
07/25/2024 07:10:01,07/25/2024 03:10:01,16,17,,17,17,,122,143,144,144,144,0,84.2,,55,,0,0
07/25/2024 07:25:01,07/25/2024 03:25:01,19,20,,20,20,,137,161,161,161,161,0,88.5,,48,,0,0
07/25/2024 07:40:01,07/25/2024 03:40:01,14,15,,15,15,,101,119,119,119,119,0,89.1,,46,,0,0
07/25/2024 07:55:01,07/25/2024 03:55:01,10,10,,10,10,,69,81,82,82,82,0,92.7,,44,,0,0
07/25/2024 08:10:01,07/25/2024 04:10:01,11,11,,11,11,,75,89,89,89,89,0,93.4,,42,,0,0
07/25/2024 08:25:01,07/25/2024 04:25:01,9,10,,10,10,,69,82,82,82,82,0,86.2,,48,,0,0
07/25/2024 08:40:01,07/25/2024 04:40:01,10,10,,10,10,,72,85,85,85,85,0,86.4,,48,,0,0
07/25/2024 08:55:01,07/25/2024 04:55:01,9,10,,10,10,,67,79,79,79,79,0,86.5,,48,,0,0
07/25/2024 09:10:01,07/25/2024 05:10:01,9,9,,9,9,,67,78,79,79,79,0,84.7,,49,,0,0
07/25/2024 09:25:01,07/25/2024 05:25:01,11,11,,11,11,,80,94,94,94,94,0,82.2,,51,,0,0
07/25/2024 09:40:01,07/25/2024 05:40:01,11,12,,12,12,,84,99,99,99,99,0,79.3,,54,,0,0
07/25/2024 09:55:01,07/25/2024 05:55:01,10,10,,10,10,,75,88,88,88,88,0,81.1,,53,,0,0
07/25/2024 10:10:01,07/25/2024 06:10:01,8,9,,9,9,,61,72,72,72,72,0,83.8,,51,,0,0
07/25/2024 10:25:01,07/25/2024 06:25:01,8,8,,8,8,,56,66,66,66,66,0,85.5,,49,,0,0
07/25/2024 10:40:01,07/25/2024 06:40:01,8,8,,8,8,,58,69,69,69,69,0,85.5,,49,,0,0
07/25/2024 10:55:01,07/25/2024 06:55:01,7,8,,8,8,,53,63,63,63,63,0,88.9,,45,,0,0
07/25/2024 11:10:01,07/25/2024 07:10:01,8,8,,8,8,,58,68,69,69,69,0,86.9,,47,,0,0
07/25/2024 11:25:01,07/25/2024 07:25:01,8,9,,9,9,,61,72,72,72,72,0,90.5,,44,,0,0
07/25/2024 11:40:01,07/25/2024 07:40:01,9,9,,9,9,,66,78,78,78,78,0,86.0,,47,,0,0
07/25/2024 11:55:01,07/25/2024 07:55:01,8,9,,9,9,,61,71,72,72,72,0,87.3,,46,,0,0
07/25/2024 12:10:01,07/25/2024 08:10:01,8,9,,9,9,,61,71,72,72,72,0,85.5,,47,,0,0
07/25/2024 12:25:01,07/25/2024 08:25:01,7,8,,8,8,,53,62,62,62,62,0,86.4,,47,,0,0
07/25/2024 12:40:01,07/25/2024 08:40:01,8,8,,8,8,,58,68,69,69,69,0,88.5,,44,,0,0
07/25/2024 12:55:01,07/25/2024 08:55:01,9,10,,10,10,,70,83,83,83,83,0,82.8,,49,,0,0
07/25/2024 13:10:01,07/25/2024 09:10:01,9,9,,9,9,,65,77,77,77,77,0,80.8,,52,,0,0
07/25/2024 13:25:01,07/25/2024 09:25:01,9,10,,10,10,,68,80,80,80,80,0,82.0,,51,,0,0
07/25/2024 13:40:01,07/25/2024 09:40:01,11,12,,12,12,,84,98,99,99,99,0,84.0,,49,,0,0
07/25/2024 13:55:01,07/25/2024 09:55:01,14,14,,14,14,,103,122,122,122,122,0,82.0,,50,,0,0
07/25/2024 14:10:01,07/25/2024 10:10:01,12,13,,13,13,,92,109,109,109,109,0,79.3,,54,,0,0
07/25/2024 14:25:01,07/25/2024 10:25:01,14,15,,15,15,,107,126,126,126,126,0,78.3,,57,,0,0
07/25/2024 14:40:01,07/25/2024 10:40:01,15,15,,15,15,,113,133,133,133,133,0,76.8,,59,,0,0
07/25/2024 14:55:01,07/25/2024 10:55:01,13,14,,14,14,,101,119,120,120,120,0,76.1,,59,,0,0
07/25/2024 15:10:01,07/25/2024 11:10:01,12,13,,13,13,,94,110,110,111,111,0,74.5,,60,,0,0
07/25/2024 15:25:01,07/25/2024 11:25:01,5,6,,6,6,,43,50,50,50,50,0,70.7,,62,,0,0
07/25/2024 15:40:01,07/25/2024 11:40:01,5,5,,5,5,,40,47,48,48,48,0,64.6,,74,,0,0
07/25/2024 15:55:01,07/25/2024 11:55:01,4,4,,4,4,,31,36,36,36,36,0,61.7,,76,,0,0
07/25/2024 16:10:01,07/25/2024 12:10:01,6,7,,7,7,,52,61,61,61,61,0,60.8,,77,,0,0
07/25/2024 16:25:01,07/25/2024 12:25:01,5,5,,5,5,,38,44,44,44,44,0,61.0,,76,,0,0
07/25/2024 16:40:01,07/25/2024 12:40:01,5,5,,5,5,,41,48,48,48,48,0,60.8,,77,,0,0
07/25/2024 16:55:01,07/25/2024 12:55:01,9,9,,9,9,,72,85,86,86,86,0,61.0,,77,,0,0
07/25/2024 17:10:01,07/25/2024 13:10:01,13,14,,14,14,,106,125,126,126,126,0,61.5,,78,,0,0
07/25/2024 17:25:01,07/25/2024 13:25:01,7,7,,7,7,,55,65,65,65,65,0,61.7,,77,,0,0
07/25/2024 17:40:01,07/25/2024 13:40:01,6,6,,6,6,,47,55,55,55,55,0,61.9,,78,,0,0
07/25/2024 17:55:01,07/25/2024 13:55:01,6,7,,7,7,,52,61,61,61,61,0,61.9,,77,,0,0
07/25/2024 18:10:01,07/25/2024 14:10:01,9,9,,9,9,,74,87,87,87,87,0,61.7,,78,,0,0
07/25/2024 18:25:01,07/25/2024 14:25:01,10,10,,10,10,,80,95,95,95,95,0,61.7,,78,,0,0
07/25/2024 18:40:01,07/25/2024 14:40:01,6,7,,7,7,,53,62,62,62,62,0,61.9,,78,,0,0
07/25/2024 18:55:01,07/25/2024 14:55:01,6,6,,6,6,,46,54,54,54,54,0,61.3,,78,,0,0
07/25/2024 19:10:01,07/25/2024 15:10:01,5,6,,6,6,,45,53,53,53,53,0,61.2,,78,,0,0
07/25/2024 19:25:01,07/25/2024 15:25:01,6,6,,6,6,,46,54,55,55,55,0,61.0,,79,,0,0
07/25/2024 19:40:01,07/25/2024 15:40:01,6,6,,6,6,,46,54,54,54,54,0,60.6,,79,,0,0
07/25/2024 19:55:01,07/25/2024 15:55:01,6,6,,6,6,,51,60,60,60,60,0,60.6,,79,,0,0
07/25/2024 20:10:01,07/25/2024 16:10:01,7,7,,7,7,,56,66,66,66,66,0,60.8,,78,,0,0
07/25/2024 20:25:01,07/25/2024 16:25:01,5,5,,5,5,,42,50,50,50,50,0,60.6,,79,,0,0
07/25/2024 20:40:01,07/25/2024 16:40:01,6,6,,6,6,,48,57,57,57,57,0,60.4,,79,,0,0
07/25/2024 20:55:01,07/25/2024 16:55:01,8,8,,8,8,,64,75,76,76,76,0,60.1,,79,,0,0
07/25/2024 21:10:01,07/25/2024 17:10:01,7,8,,8,8,,61,72,72,72,72,0,60.1,,79,,0,0
07/25/2024 21:25:01,07/25/2024 17:25:01,10,11,,12,12,,81,96,97,97,97,0,59.9,,79,,0,0
07/25/2024 21:40:01,07/25/2024 17:40:01,10,11,,12,12,,78,93,95,95,95,0,59.7,,79,,0,0
07/25/2024 21:55:01,07/25/2024 17:55:01,10,11,,11,11,,81,97,97,97,97,0,59.7,,80,,0,0
07/25/2024 22:10:01,07/25/2024 18:10:01,43,56,,65,69,,330,411,426,427,428,0,60.1,,80,,0,0
07/25/2024 22:25:01,07/25/2024 18:25:01,17,19,,20,21,,138,166,168,168,168,0,60.4,,80,,0,0
07/25/2024 22:40:01,07/25/2024 18:40:01,76,94,,105,111,,589,724,745,747,748,0,60.4,,79,,0,0
07/25/2024 22:55:01,07/25/2024 18:55:01,9,9,,9,9,,73,86,87,87,87,0,60.4,,79,,0,0
07/25/2024 23:10:01,07/25/2024 19:10:01,9,9,,9,9,,71,84,84,84,84,0,60.3,,78,,0,0
07/25/2024 23:25:01,07/25/2024 19:25:01,33,36,,38,38,,267,318,321,321,322,0,59.7,,79,,0,0
07/25/2024 23:40:01,07/25/2024 19:40:01,20,21,,22,22,,163,193,195,195,195,0,59.5,,80,,0,0
07/25/2024 23:55:01,07/25/2024 19:55:01,9,9,,10,10,,75,88,88,88,88,0,59.7,,80,,0,0
07/26/2024 00:10:01,07/25/2024 20:10:01,7,7,,7,7,,55,64,65,65,65,0,59.7,,79,,0,0
07/26/2024 00:25:01,07/25/2024 20:25:01,7,7,,7,7,,56,66,67,67,67,0,59.5,,80,,0,0
07/26/2024 00:40:01,07/25/2024 20:40:01,8,9,,9,9,,69,81,81,81,81,0,59.9,,80,,0,0
07/26/2024 00:55:01,07/25/2024 20:55:01,11,12,,12,12,,93,110,110,110,111,0,60.4,,80,,0,0
07/26/2024 01:10:01,07/25/2024 21:10:01,46,51,,52,53,,378,450,454,454,454,0,60.8,,79,,0,0
07/26/2024 01:25:01,07/25/2024 21:25:01,22,24,,24,24,,184,217,219,219,219,0,61.0,,79,,0,0
07/26/2024 01:40:01,07/25/2024 21:40:01,43,47,,49,50,,351,417,420,421,421,0,61.3,,79,,0,0
07/26/2024 01:55:01,07/25/2024 21:55:01,19,20,,20,20,,154,182,183,183,183,0,61.3,,79,,0,0
07/26/2024 02:10:01,07/25/2024 22:10:01,26,28,,28,28,,214,253,254,254,254,0,61.0,,78,,0,0
07/26/2024 02:25:01,07/25/2024 22:25:01,22,24,,24,24,,183,216,217,217,217,0,60.1,,79,,0,0
07/26/2024 02:40:01,07/25/2024 22:40:01,20,22,,22,22,,169,199,200,201,201,0,59.4,,79,,0,0
07/26/2024 02:55:01,07/25/2024 22:55:01,28,30,,30,31,,231,273,274,274,274,0,58.8,,79,,0,0
07/26/2024 03:10:01,07/25/2024 23:10:01,19,20,,20,20,,155,182,183,183,183,0,58.5,,79,,0,0
07/26/2024 03:25:01,07/25/2024 23:25:01,20,21,,21,21,,168,198,199,199,199,0,58.1,,79,,0,0
07/26/2024 03:40:01,07/25/2024 23:40:01,14,15,,15,15,,121,143,143,143,144,0,57.9,,79,,0,0
07/26/2024 03:55:01,07/25/2024 23:55:01,23,24,,24,24,,188,222,223,223,223,0,58.1,,79,,0,0
07/26/2024 04:10:01,07/26/2024 00:10:01,22,24,,24,24,,187,221,221,222,222,0,58.5,,80,,0,0
07/26/2024 04:25:01,07/26/2024 00:25:01,20,21,,21,21,,163,192,193,193,193,0,59.5,,80,,0,0
07/26/2024 04:40:01,07/26/2024 00:40:01,22,23,,23,23,,184,217,217,217,217,0,61.0,,79,,0,0
07/26/2024 04:55:01,07/26/2024 00:55:01,25,26,,26,26,,203,239,240,240,240,0,62.4,,79,,0,0
07/26/2024 05:10:01,07/26/2024 01:10:01,29,31,,31,31,,238,281,282,282,282,0,64.9,,77,,0,0
07/26/2024 05:25:01,07/26/2024 01:25:01,32,33,,33,33,,253,298,299,299,299,0,67.1,,75,,0,0
07/26/2024 05:40:01,07/26/2024 01:40:01,28,29,,29,29,,219,258,259,259,259,0,68.9,,72,,0,0
07/26/2024 05:55:01,07/26/2024 01:55:01,20,21,,21,21,,156,184,184,184,184,0,74.8,,63,,0,0
07/26/2024 06:10:01,07/26/2024 02:10:01,12,12,,12,12,,89,105,105,105,105,0,81.0,,54,,0,0
07/26/2024 06:25:01,07/26/2024 02:25:01,11,11,,11,11,,80,94,94,94,94,0,83.7,,50,,0,0
07/26/2024 06:40:01,07/26/2024 02:40:01,12,13,,13,13,,90,105,106,106,106,0,87.4,,47,,0,0
07/26/2024 06:55:01,07/26/2024 02:55:01,12,13,,13,13,,86,101,101,101,101,0,90.7,,45,,0,0
07/26/2024 07:10:01,07/26/2024 03:10:01,11,12,,12,12,,82,96,96,96,96,0,92.8,,43,,0,0
07/26/2024 07:25:01,07/26/2024 03:25:01,10,11,,11,11,,74,87,87,87,87,0,95.0,,41,,0,0
07/26/2024 07:40:01,07/26/2024 03:40:01,9,10,,10,10,,65,77,77,77,77,0,95.7,,40,,0,0
07/26/2024 07:55:01,07/26/2024 03:55:01,8,8,,8,8,,57,67,67,67,67,0,95.0,,39,,0,0
07/26/2024 08:10:01,07/26/2024 04:10:01,8,8,,8,8,,54,64,64,64,64,0,94.8,,39,,0,0
07/26/2024 08:34:55,07/26/2024 04:34:55,6,6,,6,6,,42,50,50,50,50,0,85.1,,46,,0,1
07/26/2024 08:49:55,07/26/2024 04:49:55,7,7,,7,7,,53,62,62,62,62,0,84.0,,48,,0,0
07/26/2024 09:04:55,07/26/2024 05:04:55,7,8,,8,8,,55,65,65,65,65,0,84.9,,49,,0,0
07/26/2024 09:19:55,07/26/2024 05:19:55,8,9,,9,9,,62,72,73,73,73,0,83.3,,49,,0,0
07/26/2024 09:34:55,07/26/2024 05:34:55,9,10,,10,10,,71,84,84,84,84,0,79.3,,53,,0,0
07/26/2024 09:49:55,07/26/2024 05:49:55,10,10,,10,10,,73,86,87,87,87,0,81.5,,52,,0,0
07/26/2024 10:04:55,07/26/2024 06:04:55,13,14,,14,14,,101,118,119,119,119,0,79.7,,53,,0,0
07/26/2024 10:19:55,07/26/2024 06:19:55,14,14,,14,14,,104,122,123,123,123,0,78.3,,55,,0,0
07/26/2024 10:34:55,07/26/2024 06:34:55,13,13,,13,13,,95,112,112,112,112,0,78.1,,54,,0,0
07/26/2024 10:49:55,07/26/2024 06:49:55,12,13,,13,13,,94,110,111,111,111,0,80.8,,52,,0,0
07/26/2024 11:04:55,07/26/2024 07:04:55,11,12,,12,12,,82,97,97,97,97,0,88.3,,46,,0,0
07/26/2024 11:19:55,07/26/2024 07:19:55,12,13,,13,13,,91,107,107,107,107,0,86.9,,46,,0,0
07/26/2024 11:34:55,07/26/2024 07:34:55,22,23,,23,23,,170,200,200,200,200,0,78.6,,56,,0,0
07/26/2024 11:56:18,07/26/2024 07:56:18,22,23,,23,23,,168,198,199,199,199,0,78.1,,57,,0,1
07/26/2024 12:11:18,07/26/2024 08:11:18,21,22,,22,22,,160,189,189,189,189,0,76.6,,58,,0,0
07/26/2024 12:39:28,07/26/2024 08:39:28,19,20,,20,20,,151,177,178,178,178,0,74.8,,59,,0,1
07/26/2024 12:54:28,07/26/2024 08:54:28,18,19,,19,19,,138,163,163,163,163,0,74.3,,60,,0,0
07/26/2024 13:09:28,07/26/2024 09:09:28,17,18,,18,18,,133,157,157,157,157,0,73.8,,61,,0,0
07/26/2024 13:24:28,07/26/2024 09:24:28,16,16,,16,16,,122,144,144,144,144,0,72.9,,61,,0,0
07/26/2024 13:39:28,07/26/2024 09:39:28,18,18,,18,18,,138,162,162,162,163,0,72.3,,63,,0,0
07/26/2024 13:54:28,07/26/2024 09:54:28,20,21,,21,21,,159,186,187,187,187,0,71.8,,65,,0,0
07/26/2024 14:09:28,07/26/2024 10:09:28,25,26,,26,26,,195,230,230,230,230,0,70.9,,68,,0,0
07/26/2024 14:24:28,07/26/2024 10:24:28,27,28,,28,28,,211,248,249,249,249,0,69.4,,72,,0,0
07/26/2024 14:39:28,07/26/2024 10:39:28,34,36,,36,36,,274,322,323,323,323,0,68.2,,74,,0,0
07/26/2024 14:54:28,07/26/2024 10:54:28,29,30,,30,30,,229,269,270,270,270,0,67.3,,75,,0,0
07/26/2024 15:09:28,07/26/2024 11:09:28,22,23,,24,24,,180,212,212,212,212,0,66.6,,76,,0,0
07/26/2024 15:24:28,07/26/2024 11:24:28,16,17,,17,17,,128,151,152,152,152,0,66.2,,76,,0,0
07/26/2024 15:39:28,07/26/2024 11:39:28,15,16,,16,16,,123,145,145,145,145,0,65.8,,76,,0,0
07/26/2024 15:54:28,07/26/2024 11:54:28,12,12,,12,12,,94,110,111,111,111,0,64.8,,76,,0,0
07/26/2024 16:09:28,07/26/2024 12:09:28,10,10,,10,10,,79,93,94,94,94,0,64.0,,78,,0,0
07/26/2024 16:24:28,07/26/2024 12:24:28,7,7,,7,7,,56,66,66,66,66,0,63.7,,77,,0,0
07/26/2024 16:39:28,07/26/2024 12:39:28,5,5,,5,5,,41,49,49,49,49,0,63.3,,76,,0,0
07/26/2024 16:54:28,07/26/2024 12:54:28,5,5,,5,5,,42,50,50,50,50,0,63.1,,76,,0,0
07/26/2024 17:09:28,07/26/2024 13:09:28,6,6,,6,6,,50,58,59,59,59,0,63.1,,76,,0,0
07/26/2024 17:24:28,07/26/2024 13:24:28,7,8,,8,8,,61,71,72,72,72,0,63.1,,76,,0,0
07/26/2024 17:39:28,07/26/2024 13:39:28,10,10,,10,10,,79,93,93,93,93,0,63.0,,76,,0,0
07/26/2024 17:54:28,07/26/2024 13:54:28,11,12,,12,12,,93,109,109,109,109,0,63.0,,76,,0,0
07/26/2024 18:09:28,07/26/2024 14:09:28,10,11,,11,11,,85,100,101,101,101,0,63.0,,77,,0,0
07/26/2024 18:24:28,07/26/2024 14:24:28,8,9,,9,9,,69,81,82,82,82,0,62.8,,77,,0,0
07/26/2024 18:39:28,07/26/2024 14:39:28,10,10,,10,10,,79,93,93,93,93,0,63.0,,77,,0,0
07/26/2024 18:54:28,07/26/2024 14:54:28,10,10,,10,10,,80,94,94,94,94,0,63.1,,77,,0,0
07/26/2024 19:09:28,07/26/2024 15:09:28,9,10,,10,10,,75,88,88,88,88,0,63.1,,77,,0,0
07/26/2024 19:24:28,07/26/2024 15:24:28,10,11,,11,11,,84,99,100,100,100,0,63.0,,77,,0,0
07/26/2024 19:39:28,07/26/2024 15:39:28,9,10,,10,10,,77,91,91,91,91,0,63.0,,77,,0,0
07/26/2024 19:54:28,07/26/2024 15:54:28,9,10,,10,10,,77,91,91,91,91,0,63.0,,77,,0,0
07/26/2024 20:09:28,07/26/2024 16:09:28,12,13,,13,13,,99,116,117,117,117,0,63.1,,77,,0,0
07/26/2024 20:24:28,07/26/2024 16:24:28,13,14,,14,14,,108,127,127,127,127,0,63.5,,77,,0,0
07/26/2024 20:39:28,07/26/2024 16:39:28,13,14,,14,14,,106,125,126,126,126,0,63.5,,77,,0,0
07/26/2024 20:54:28,07/26/2024 16:54:28,12,12,,12,12,,95,112,113,113,113,0,63.3,,77,,0,0
07/26/2024 21:09:28,07/26/2024 17:09:28,11,12,,12,12,,90,106,106,106,106,0,63.3,,78,,0,0
07/26/2024 21:24:28,07/26/2024 17:24:28,13,14,,14,14,,106,124,125,125,125,0,63.5,,77,,0,0
07/26/2024 21:39:28,07/26/2024 17:39:28,13,14,,14,14,,109,129,129,129,129,0,63.7,,77,,0,0
07/26/2024 21:54:28,07/26/2024 17:54:28,20,21,,21,21,,160,189,190,190,190,0,63.9,,77,,0,0
07/26/2024 22:09:28,07/26/2024 18:09:28,19,20,,20,20,,155,183,183,183,183,0,64.0,,76,,0,0
07/26/2024 22:24:28,07/26/2024 18:24:28,44,50,,53,55,,344,413,419,420,420,0,64.0,,77,,0,0
07/26/2024 22:39:28,07/26/2024 18:39:28,27,29,,29,30,,214,254,256,256,256,0,64.0,,77,,0,0
07/26/2024 22:54:28,07/26/2024 18:54:28,21,22,,22,22,,169,199,199,199,199,0,64.0,,77,,0,0
07/26/2024 23:09:28,07/26/2024 19:09:28,17,18,,18,18,,141,166,167,167,167,0,63.9,,78,,0,0
07/26/2024 23:24:28,07/26/2024 19:24:28,15,16,,16,16,,124,146,146,146,146,0,63.7,,78,,0,0
07/26/2024 23:39:28,07/26/2024 19:39:28,15,15,,15,15,,119,140,140,140,140,0,63.7,,78,,0,0
07/26/2024 23:54:28,07/26/2024 19:54:28,17,18,,18,18,,139,163,164,164,164,0,63.7,,78,,0,0
07/27/2024 00:09:28,07/26/2024 20:09:28,18,19,,19,19,,147,173,173,173,173,0,63.5,,78,,0,0
07/27/2024 00:24:28,07/26/2024 20:24:28,19,20,,20,20,,152,179,180,180,180,0,63.5,,78,,0,0
07/27/2024 00:39:28,07/26/2024 20:39:28,19,20,,20,20,,153,180,181,181,181,0,63.7,,78,,0,0
07/27/2024 00:54:28,07/26/2024 20:54:28,21,22,,22,22,,171,202,202,202,202,0,63.5,,78,,0,0
07/27/2024 01:09:28,07/26/2024 21:09:28,20,21,,21,21,,166,195,195,195,196,0,63.3,,78,,0,0
07/27/2024 01:24:28,07/26/2024 21:24:28,21,22,,22,22,,169,199,199,200,200,0,63.3,,78,,0,0
07/27/2024 01:39:28,07/26/2024 21:39:28,22,23,,23,23,,183,215,216,216,216,0,63.3,,78,,0,0
07/27/2024 01:54:28,07/26/2024 21:54:28,21,22,,22,22,,170,200,200,200,200,0,63.3,,78,,0,0
07/27/2024 02:09:28,07/26/2024 22:09:28,39,43,,44,45,,317,376,379,380,380,0,63.0,,77,,0,0
07/27/2024 02:24:28,07/26/2024 22:24:28,24,25,,25,25,,194,228,229,229,229,0,63.1,,78,,0,0
07/27/2024 02:39:28,07/26/2024 22:39:28,19,20,,20,20,,153,180,180,180,180,0,63.3,,77,,0,0
07/27/2024 02:54:28,07/26/2024 22:54:28,20,21,,21,21,,162,191,191,191,191,0,63.3,,77,,0,0
07/27/2024 03:09:28,07/26/2024 23:09:28,24,25,,25,25,,196,230,231,231,231,0,63.3,,77,,0,0
07/27/2024 03:24:28,07/26/2024 23:24:28,33,35,,35,35,,268,315,317,317,317,0,63.5,,77,,0,0
07/27/2024 03:39:28,07/26/2024 23:39:28,27,29,,29,29,,223,262,263,263,263,0,63.1,,77,,0,0
07/27/2024 03:54:28,07/26/2024 23:54:28,30,32,,32,32,,248,292,293,293,293,0,62.6,,77,,0,0
07/27/2024 04:09:28,07/27/2024 00:09:28,26,27,,27,27,,209,246,247,247,247,0,63.1,,77,,0,0
07/27/2024 04:24:28,07/27/2024 00:24:28,32,33,,34,34,,259,305,306,306,306,0,63.5,,75,,0,0
07/27/2024 04:39:28,07/27/2024 00:39:28,26,27,,27,27,,211,249,249,249,250,0,63.9,,74,,0,0
07/27/2024 04:54:28,07/27/2024 00:54:28,26,27,,27,27,,210,247,248,248,248,0,64.2,,74,,0,0
07/27/2024 05:09:28,07/27/2024 01:09:28,26,28,,28,28,,213,251,252,252,252,0,64.8,,73,,0,0
07/27/2024 05:24:28,07/27/2024 01:24:28,28,29,,29,29,,226,266,267,267,267,0,65.5,,73,,0,0
07/27/2024 05:39:28,07/27/2024 01:39:28,26,28,,28,28,,212,250,250,250,250,0,66.9,,71,,0,0
07/27/2024 05:54:28,07/27/2024 01:54:28,26,28,,28,28,,210,247,248,248,248,0,68.7,,68,,0,0
07/27/2024 06:09:28,07/27/2024 02:09:28,33,35,,35,35,,263,310,311,311,311,0,69.6,,67,,0,0
07/27/2024 06:24:28,07/27/2024 02:24:28,101,106,,106,106,,797,938,941,941,941,0,70.3,,66,,0,0
07/27/2024 06:39:28,07/27/2024 02:39:28,78,82,,82,82,,614,723,725,725,726,0,71.8,,63,,0,0
07/27/2024 06:54:28,07/27/2024 02:54:28,41,43,,43,43,,320,376,377,377,378,0,72.9,,62,,0,0
07/27/2024 07:09:28,07/27/2024 03:09:28,35,37,,37,37,,272,320,321,321,321,0,74.7,,60,,0,0
07/27/2024 07:24:28,07/27/2024 03:24:28,27,28,,28,28,,205,241,241,241,242,0,77.2,,57,,0,0
07/27/2024 07:39:28,07/27/2024 03:39:28,22,23,,23,23,,163,191,192,192,192,0,82.0,,50,,0,0
07/27/2024 07:54:28,07/27/2024 03:54:28,22,23,,23,23,,158,186,187,187,187,0,85.3,,46,,0,0
07/27/2024 08:09:28,07/27/2024 04:09:28,23,24,,24,24,,167,196,197,197,197,0,85.1,,45,,0,0
07/27/2024 08:24:28,07/27/2024 04:24:28,21,22,,22,22,,156,183,184,184,184,0,85.5,,45,,0,0
07/27/2024 08:39:28,07/27/2024 04:39:28,20,21,,21,21,,148,174,174,175,175,0,85.5,,44,,0,0
07/27/2024 08:54:28,07/27/2024 04:54:28,20,21,,21,21,,150,177,177,177,177,0,84.9,,45,,0,0
07/27/2024 09:09:28,07/27/2024 05:09:28,22,23,,23,23,,164,193,194,194,194,0,84.4,,45,,0,0
07/27/2024 09:24:28,07/27/2024 05:24:28,22,23,,23,23,,164,193,193,193,193,0,82.9,,45,,0,0
07/27/2024 09:39:28,07/27/2024 05:39:28,24,26,,26,26,,182,214,215,215,215,0,82.4,,44,,0,0
07/27/2024 09:54:28,07/27/2024 05:54:28,21,23,,23,23,,160,188,189,189,189,0,82.8,,44,,0,0
07/27/2024 10:09:28,07/27/2024 06:09:28,21,22,,22,22,,156,184,184,184,184,0,84.6,,43,,0,0
07/27/2024 10:24:28,07/27/2024 06:24:28,21,22,,22,22,,154,181,182,182,182,0,86.2,,42,,0,0
07/27/2024 10:39:28,07/27/2024 06:39:28,22,23,,23,23,,157,185,186,186,186,0,87.6,,41,,0,0
07/27/2024 10:54:28,07/27/2024 06:54:28,23,24,,24,24,,166,195,196,196,196,0,85.5,,43,,0,0
07/27/2024 11:09:28,07/27/2024 07:09:28,21,22,,22,22,,154,181,181,181,181,0,84.7,,45,,0,0
07/27/2024 11:24:28,07/27/2024 07:24:28,20,21,,21,21,,145,171,172,172,172,0,87.3,,43,,0,0
07/27/2024 11:39:28,07/27/2024 07:39:28,21,22,,22,22,,151,178,178,178,178,0,88.0,,41,,0,0
07/27/2024 11:54:28,07/27/2024 07:54:28,56,61,,62,63,,411,487,490,491,491,0,83.7,,45,,0,0
07/27/2024 12:09:28,07/27/2024 08:09:28,45,47,,47,47,,336,396,397,397,397,0,80.8,,49,,0,0
07/27/2024 12:24:28,07/27/2024 08:24:28,29,30,,30,30,,218,257,258,258,258,0,79.9,,50,,0,0
07/27/2024 12:39:28,07/27/2024 08:39:28,22,23,,23,23,,167,197,197,197,197,0,79.5,,50,,0,0
07/27/2024 12:54:28,07/27/2024 08:54:28,23,25,,25,25,,177,208,208,209,209,0,80.6,,49,,0,0
07/27/2024 13:09:28,07/27/2024 09:09:28,24,26,,26,26,,182,214,215,215,215,0,82.4,,48,,0,0
07/27/2024 13:24:28,07/27/2024 09:24:28,25,26,,26,26,,183,216,216,216,216,0,83.3,,46,,0,0
07/27/2024 13:39:28,07/27/2024 09:39:28,26,27,,27,27,,194,229,229,229,229,0,82.2,,47,,0,0
07/27/2024 13:54:28,07/27/2024 09:54:28,29,30,,30,30,,217,255,256,256,256,0,79.3,,52,,0,0
07/27/2024 14:09:28,07/27/2024 10:09:28,26,27,,27,27,,196,231,232,232,232,0,77.7,,56,,0,0
07/27/2024 14:24:28,07/27/2024 10:24:28,24,25,,25,25,,187,220,221,221,221,0,75.7,,58,,0,0
07/27/2024 14:39:28,07/27/2024 10:39:28,29,31,,31,31,,228,268,269,269,269,0,73.9,,60,,0,0
07/27/2024 14:54:28,07/27/2024 10:54:28,28,30,,30,30,,222,261,262,262,262,0,73.0,,62,,0,0
07/27/2024 15:09:28,07/27/2024 11:09:28,28,29,,29,29,,218,257,257,257,257,0,71.8,,63,,0,0
07/27/2024 15:24:28,07/27/2024 11:24:28,28,30,,30,30,,224,263,264,264,264,0,71.1,,65,,0,0
07/27/2024 15:39:28,07/27/2024 11:39:28,34,35,,35,35,,266,313,314,314,314,0,70.5,,66,,0,0
07/27/2024 15:54:28,07/27/2024 11:54:28,29,31,,31,31,,231,272,272,272,272,0,70.3,,65,,0,0
07/27/2024 16:09:28,07/27/2024 12:09:28,26,28,,28,28,,210,247,248,248,248,0,69.6,,63,,0,0
07/27/2024 16:24:28,07/27/2024 12:24:28,30,32,,32,32,,240,282,283,283,283,0,68.7,,64,,0,0
07/27/2024 16:39:28,07/27/2024 12:39:28,30,32,,32,32,,243,286,287,287,287,0,68.2,,66,,0,0
07/27/2024 16:54:28,07/27/2024 12:54:28,32,34,,34,34,,255,300,301,301,301,0,68.0,,67,,0,0
07/27/2024 17:09:28,07/27/2024 13:09:28,36,38,,38,38,,291,343,344,344,344,0,68.0,,67,,0,0
07/27/2024 17:24:28,07/27/2024 13:24:28,38,40,,40,40,,306,360,361,361,361,0,67.5,,68,,0,0
07/27/2024 17:39:28,07/27/2024 13:39:28,42,44,,44,44,,334,393,394,394,394,0,67.5,,69,,0,0
07/27/2024 17:54:28,07/27/2024 13:54:28,37,39,,39,39,,298,351,352,352,352,0,67.1,,70,,0,0
07/27/2024 18:09:28,07/27/2024 14:09:28,39,41,,41,41,,316,372,373,373,373,0,66.6,,72,,0,0
07/27/2024 18:24:28,07/27/2024 14:24:28,43,46,,46,46,,350,412,413,413,413,0,66.2,,73,,0,0
07/27/2024 18:39:28,07/27/2024 14:39:28,42,44,,44,44,,341,401,403,403,403,0,66.0,,74,,0,0
07/27/2024 18:54:28,07/27/2024 14:54:28,41,43,,43,43,,330,388,389,389,389,0,66.2,,75,,0,0
07/27/2024 19:09:28,07/27/2024 15:09:28,40,42,,42,42,,320,376,377,377,377,0,66.0,,76,,0,0
07/27/2024 19:24:28,07/27/2024 15:24:28,40,42,,42,42,,325,382,383,383,383,0,66.0,,77,,0,0
07/27/2024 19:39:28,07/27/2024 15:39:28,43,46,,46,46,,350,412,413,413,414,0,65.8,,77,,0,0
07/27/2024 19:54:28,07/27/2024 15:54:28,41,43,,43,43,,328,386,387,387,387,0,65.5,,78,,0,0
07/27/2024 20:09:28,07/27/2024 16:09:28,44,46,,46,46,,357,420,421,421,422,0,65.3,,78,,0,0
07/27/2024 20:24:28,07/27/2024 16:24:28,37,39,,39,39,,303,357,358,358,358,0,65.3,,78,,0,0
07/27/2024 20:39:28,07/27/2024 16:39:28,41,43,,43,43,,328,386,387,387,387,0,65.5,,78,,0,0
07/27/2024 20:54:28,07/27/2024 16:54:28,37,39,,39,39,,303,356,357,357,357,0,65.5,,78,,0,0
07/27/2024 21:09:28,07/27/2024 17:09:28,44,46,,46,46,,352,414,416,416,416,0,65.7,,78,,0,0
07/27/2024 21:24:28,07/27/2024 17:24:28,43,45,,45,45,,348,409,411,411,411,0,65.8,,78,,0,0
07/27/2024 21:39:28,07/27/2024 17:39:28,39,41,,41,41,,312,368,369,369,369,0,65.8,,78,,0,0
07/27/2024 21:54:28,07/27/2024 17:54:28,36,38,,38,38,,292,344,345,345,345,0,65.7,,78,,0,0
07/27/2024 22:09:28,07/27/2024 18:09:28,37,39,,39,39,,297,349,350,350,350,0,65.5,,79,,0,0
07/27/2024 22:24:28,07/27/2024 18:24:28,38,39,,39,39,,304,358,359,359,359,0,65.5,,79,,0,0
07/27/2024 22:39:28,07/27/2024 18:39:28,36,38,,38,38,,294,346,347,347,347,0,65.3,,79,,0,0
07/27/2024 22:54:28,07/27/2024 18:54:28,36,38,,38,38,,294,346,347,347,347,0,65.3,,79,,0,0
07/27/2024 23:09:28,07/27/2024 19:09:28,37,39,,39,39,,298,350,351,352,352,0,65.5,,79,,0,0
07/27/2024 23:24:28,07/27/2024 19:24:28,39,40,,40,40,,312,367,368,368,368,0,65.5,,79,,0,0
07/27/2024 23:39:28,07/27/2024 19:39:28,38,40,,40,40,,311,366,367,368,368,0,65.3,,79,,0,0
07/27/2024 23:54:28,07/27/2024 19:54:28,40,42,,42,42,,322,379,380,380,380,0,65.3,,79,,0,0
